Date,Ticker,Close,Close_Percent_Change,Period_Change,Real_Close
01/31/2008,BVMBGD,4.757645536,,,1.932902225
02/01/2008,BVMBGD,4.760866462,0.000677,0.003220926,1.916690069
02/06/2008,BVMBGD,4.744961653,-0.003340738,-0.015904809,1.910286909
02/07/2008,BVMBGD,4.742877805,-0.000439171,-0.002083849,1.909447967
02/08/2008,BVMBGD,4.72734885,-0.003274163,-0.015528955,1.903196123
02/11/2008,BVMBGD,4.710040535,-0.003661315,-0.017308314,1.896227922
02/12/2008,BVMBGD,4.719199003,0.001944456,0.009158468,1.899915054
02/13/2008,BVMBGD,4.693128831,-0.005524279,-0.026070171,1.889419393
02/14/2008,BVMBGD,4.699372766,0.001330442,0.006243935,1.891933156
02/15/2008,BVMBGD,4.671717674,-0.005884848,-0.027655092,1.880799418
02/18/2008,BVMBGD,4.674250278,0.000542114,0.002532604,1.881819026
02/19/2008,BVMBGD,4.667774385,-0.00138544,-0.006475893,1.879211879
02/20/2008,BVMBGD,4.734120109,0.014213567,0.066345724,1.905922182
02/21/2008,BVMBGD,4.705570431,-0.00603062,-0.028549678,1.894428291
02/22/2008,BVMBGD,4.680242168,-0.005382613,-0.025328263,1.884231317
02/25/2008,BVMBGD,4.668167747,-0.002579871,-0.012074421,1.879370243
02/26/2008,BVMBGD,4.671202939,0.000650189,0.003035192,1.880592189
02/27/2008,BVMBGD,4.691583026,0.00436292,0.020380086,1.888797063
02/28/2008,BVMBGD,4.684717977,-0.001463269,-0.006865049,1.886033245
02/29/2008,BVMBGD,4.694633676,0.002116605,0.009915699,1.890025233
03/03/2008,BVMBGD,4.686852243,-0.001657516,-0.007781432,1.865562331
03/04/2008,BVMBGD,4.721170247,0.007322186,0.034318004,1.879222325
03/05/2008,BVMBGD,4.729255483,0.001712549,0.008085236,1.882440585
03/06/2008,BVMBGD,4.74257821,0.002817088,0.013322727,1.887743585
03/07/2008,BVMBGD,4.757107728,0.003063633,0.014529519,1.893526939
03/10/2008,BVMBGD,4.769172273,0.002536109,0.012064545,1.89832913
03/11/2008,BVMBGD,4.769275121,2.15651E-05,0.000102848,1.898370068
03/12/2008,BVMBGD,4.749494599,-0.00414749,-0.019780522,1.890496596
03/13/2008,BVMBGD,4.750779597,0.000270555,0.001284998,1.891008079
03/14/2008,BVMBGD,4.739913041,-0.002287321,-0.010866556,1.886682737
03/24/2008,BVMBGD,4.774951714,0.007392261,0.035038674,1.900629588
03/25/2008,BVMBGD,4.777954867,0.000628939,0.003003152,1.901824968
03/26/2008,BVMBGD,4.783394486,0.001138483,0.005439619,1.903990163
03/27/2008,BVMBGD,4.790993907,0.001588709,0.007599422,1.907015049
03/28/2008,BVMBGD,4.79031911,-0.000140847,-0.000674797,1.906746452
03/31/2008,BVMBGD,4.806442135,0.003365752,0.016123025,1.913164087
04/01/2008,BVMBGD,4.833926576,0.005718251,0.02748444,1.91776822
04/02/2008,BVMBGD,4.822700103,-0.002322433,-0.011226473,1.913314331
04/03/2008,BVMBGD,4.858771787,0.007479562,0.036071684,1.927625084
04/04/2008,BVMBGD,4.882396952,0.004862374,0.023625165,1.936997918
04/07/2008,BVMBGD,4.95167869,0.014190108,0.069281738,1.964484127
04/08/2008,BVMBGD,4.981026719,0.005926885,0.029348029,1.976127398
04/09/2008,BVMBGD,4.986281181,0.001054895,0.005254462,1.978212005
04/10/2008,BVMBGD,4.98876528,0.000498187,0.002484099,1.979197524
04/11/2008,BVMBGD,4.99741,0.001732838,0.00864472,1.982627152
04/14/2008,BVMBGD,5.031055432,0.006732574,0.033645432,1.995975336
04/15/2008,BVMBGD,5.069334464,0.007608549,0.038279032,2.011161812
04/16/2008,BVMBGD,5.108470485,0.00772015,0.039136021,2.026688282
04/17/2008,BVMBGD,5.162333217,0.010543808,0.053862732,2.048057295
04/18/2008,BVMBGD,5.190735626,0.005501855,0.028402409,2.059325409
04/21/2008,BVMBGD,5.190495536,-4.62535E-05,-0.000240089,2.059230158
04/22/2008,BVMBGD,5.180284909,-0.001967178,-0.010210627,2.055179286
04/23/2008,BVMBGD,5.183595977,0.000639167,0.003311068,2.056492889
04/24/2008,BVMBGD,5.17813602,-0.001053315,-0.005459957,2.054326755
04/25/2008,BVMBGD,5.190587731,0.002404671,0.012451711,2.059266735
04/28/2008,BVMBGD,5.104505101,-0.01658437,-0.08608263,2.025115092
04/29/2008,BVMBGD,5.09573978,-0.001717174,-0.008765321,2.021637618
04/30/2008,BVMBGD,5.101535178,0.001137303,0.005795398,2.023936832
05/02/2008,BVMBGD,5.134740162,0.006508822,0.033204984,2.019484056
05/05/2008,BVMBGD,5.130096065,-0.000904446,-0.004644097,2.017657541
05/06/2008,BVMBGD,5.137676111,0.001477564,0.007580046,2.02063876
05/07/2008,BVMBGD,5.115868162,-0.004244711,-0.021807949,2.012061733
05/08/2008,BVMBGD,5.110485056,-0.001052237,-0.005383105,2.009944567
05/09/2008,BVMBGD,5.109054884,-0.000279851,-0.001430172,2.009382083
05/12/2008,BVMBGD,5.123896508,0.002904965,0.014841624,2.015219267
05/13/2008,BVMBGD,5.120787431,-0.00060678,-0.003109078,2.013996472
05/14/2008,BVMBGD,5.127509944,0.001312789,0.006722514,2.016640425
05/15/2008,BVMBGD,5.15653513,0.005660679,0.029025186,2.028055978
05/16/2008,BVMBGD,5.165740708,0.001785225,0.009205578,2.031676515
05/19/2008,BVMBGD,5.179949933,0.002750665,0.014209225,2.037264978
05/20/2008,BVMBGD,5.168703236,-0.002171198,-0.011246696,2.032841672
05/21/2008,BVMBGD,5.185806439,0.003308993,0.017103202,2.039568331
05/22/2008,BVMBGD,5.188451716,0.0005101,0.002645277,2.040608714
05/23/2008,BVMBGD,5.184184098,-0.000822522,-0.004267618,2.038930268
05/26/2008,BVMBGD,5.207687254,0.004533627,0.023503155,2.048174016
05/27/2008,BVMBGD,5.214639387,0.001334975,0.006952134,2.050908278
05/28/2008,BVMBGD,5.205369325,-0.0017777,-0.009270062,2.047262379
05/29/2008,BVMBGD,5.17637213,-0.005570632,-0.028997195,2.035857834
05/30/2008,BVMBGD,5.173988752,-0.000460434,-0.002383377,2.034920456
06/02/2008,BVMBGD,5.171006597,-0.000576374,-0.002982155,2.008001941
06/03/2008,BVMBGD,5.203974475,0.006375524,0.032967877,2.020804005
06/04/2008,BVMBGD,5.22198895,0.003461676,0.018014475,2.027799375
06/05/2008,BVMBGD,5.255094592,0.006339661,0.033105642,2.040654936
06/06/2008,BVMBGD,5.262931301,0.001491259,0.007836709,2.043698082
06/09/2008,BVMBGD,5.222951255,-0.007596536,-0.039980045,2.028173057
06/10/2008,BVMBGD,5.215744258,-0.001379871,-0.007206998,2.02537444
06/11/2008,BVMBGD,5.242731246,0.005174139,0.026986988,2.03585401
06/12/2008,BVMBGD,5.231181497,-0.002203002,-0.011549749,2.031369019
06/13/2008,BVMBGD,5.238502729,0.001399537,0.007321232,2.034211995
06/16/2008,BVMBGD,5.22771402,-0.002059502,-0.010788709,2.03002253
06/17/2008,BVMBGD,5.225649276,-0.000394961,-0.002064744,2.02922075
06/18/2008,BVMBGD,5.222657957,-0.00057243,-0.002991319,2.028059163
06/20/2008,BVMBGD,5.205912596,-0.003206291,-0.01674536,2.021556616
06/23/2008,BVMBGD,5.196539846,-0.001800405,-0.009372751,2.017916995
06/24/2008,BVMBGD,5.189686375,-0.001318853,-0.00685347,2.01525566
06/25/2008,BVMBGD,5.174200514,-0.002983969,-0.015485861,2.0092422
06/26/2008,BVMBGD,5.157912596,-0.00314791,-0.016287918,2.002917287
06/27/2008,BVMBGD,5.159187661,0.000247205,0.001275064,2.003412419
06/30/2008,BVMBGD,5.177412604,0.003532522,0.018224943,2.010489517
07/01/2008,BVMBGD,5.165661577,-0.002269672,-0.011751027,1.99700838
07/02/2008,BVMBGD,5.155295455,-0.002006736,-0.010366121,1.99300091
07/03/2008,BVMBGD,5.13010361,-0.004886596,-0.025191846,1.98326192
07/04/2008,BVMBGD,5.130243134,2.71971E-05,0.000139524,1.983315859
07/07/2008,BVMBGD,5.140051159,0.001911805,0.009808025,1.987107573
07/08/2008,BVMBGD,5.157385013,0.003372312,0.017333854,1.993808719
07/09/2008,BVMBGD,5.15689215,-9.55645E-05,-0.000492863,1.993618181
07/10/2008,BVMBGD,5.145247831,-0.002258011,-0.011644319,1.98911657
07/11/2008,BVMBGD,5.120412844,-0.004826781,-0.024834987,1.979515539
07/14/2008,BVMBGD,5.116552161,-0.000753979,-0.003860683,1.978023026
07/15/2008,BVMBGD,5.097826763,-0.003659769,-0.018725398,1.970783919
07/16/2008,BVMBGD,5.10523145,0.001452518,0.007404687,1.973646519
07/17/2008,BVMBGD,5.100831206,-0.000861909,-0.004400244,1.971945416
07/21/2008,BVMBGD,5.111309927,0.002054316,0.010478721,1.975996415
07/22/2008,BVMBGD,5.103245682,-0.001577726,-0.008064245,1.972878835
07/23/2008,BVMBGD,5.111637077,0.001644325,0.008391395,1.976122889
07/24/2008,BVMBGD,5.129014627,0.003399606,0.01737755,1.982840927
07/25/2008,BVMBGD,5.144480047,0.003015281,0.01546542,1.98881975
07/28/2008,BVMBGD,5.143781946,-0.000135699,-0.000698101,1.988549869
07/29/2008,BVMBGD,5.145461447,0.000326511,0.001679501,1.989199152
07/30/2008,BVMBGD,5.161578928,0.003132368,0.016117481,1.995430057
07/31/2008,BVMBGD,5.158294274,-0.000636366,-0.003284654,1.994160233
08/01/2008,BVMBGD,5.153423174,-0.000944324,-0.0048711,1.972224713
08/04/2008,BVMBGD,5.160916664,0.00145408,0.00749349,1.975092485
08/05/2008,BVMBGD,5.172422449,0.002229407,0.011505785,1.979495771
08/06/2008,BVMBGD,5.187969728,0.003005802,0.015547279,1.985445744
08/07/2008,BVMBGD,5.183218703,-0.000915777,-0.004751025,1.983627517
08/08/2008,BVMBGD,5.184994947,0.000342691,0.001776245,1.984307289
08/11/2008,BVMBGD,5.184831196,-3.15818E-05,-0.000163751,1.984244622
08/12/2008,BVMBGD,5.185731851,0.00017371,0.000900655,1.984589304
08/13/2008,BVMBGD,5.195188258,0.001823543,0.009456407,1.988208289
08/14/2008,BVMBGD,5.197077424,0.000363638,0.001889165,1.988931276
08/15/2008,BVMBGD,5.217045044,0.003842086,0.01996762,1.996572921
08/18/2008,BVMBGD,5.217422286,7.23095E-05,0.000377242,1.996717293
08/19/2008,BVMBGD,5.202666291,-0.002828216,-0.014755995,1.991070146
08/20/2008,BVMBGD,5.180596146,-0.004242084,-0.022070145,1.98262386
08/21/2008,BVMBGD,5.183159515,0.000494802,0.002563369,1.983604866
08/22/2008,BVMBGD,5.184495648,0.000257784,0.001336134,1.984116207
08/26/2008,BVMBGD,5.204438876,0.003846705,0.019943227,1.991748517
08/27/2008,BVMBGD,5.213443482,0.001730178,0.009004606,1.995194597
08/28/2008,BVMBGD,5.215372298,0.00036997,0.001928816,1.995932758
08/29/2008,BVMBGD,5.218845206,0.000665898,0.003472908,1.997261847
09/01/2008,BVMBGD,5.23579383,0.003247581,0.016948624,1.991780663
09/02/2008,BVMBGD,5.243889626,0.00154624,0.008095796,1.994860435
09/03/2008,BVMBGD,5.239103427,-0.000912719,-0.004786199,1.993039688
09/04/2008,BVMBGD,5.22287582,-0.003097401,-0.016227607,1.986866444
09/05/2008,BVMBGD,5.193117705,-0.005697649,-0.029758116,1.975545975
09/08/2008,BVMBGD,5.181460535,-0.002244734,-0.01165717,1.971111399
09/09/2008,BVMBGD,5.168975785,-0.002409504,-0.012484749,1.966361998
09/10/2008,BVMBGD,5.152706838,-0.003147422,-0.016268947,1.960173028
09/11/2008,BVMBGD,5.119321119,-0.006479258,-0.033385719,1.94747256
09/12/2008,BVMBGD,5.1200914,0.000150465,0.000770281,1.947765587
09/15/2008,BVMBGD,5.036849397,-0.016257913,-0.083242003,1.916098983
09/16/2008,BVMBGD,4.483422709,-0.109875568,-0.553426688,1.705566519
09/17/2008,BVMBGD,4.58971263,0.023707316,0.106289921,1.746000924
09/18/2008,BVMBGD,4.568923269,-0.004529556,-0.020789361,1.738092315
09/19/2008,BVMBGD,4.605395411,0.007982656,0.036472141,1.751966908
09/22/2008,BVMBGD,4.678262336,0.015822078,0.072866926,1.779686665
09/23/2008,BVMBGD,4.729315455,0.010912838,0.051053118,1.799108097
09/24/2008,BVMBGD,4.698445319,-0.0065274,-0.030870136,1.787364598
09/25/2008,BVMBGD,4.629522853,-0.014669207,-0.068922466,1.761145377
09/26/2008,BVMBGD,4.591932565,-0.00811969,-0.037590288,1.746845424
09/29/2008,BVMBGD,4.476923802,-0.02504583,-0.115008763,1.70309423
09/30/2008,BVMBGD,4.422034452,-0.012260506,-0.05488935,1.682213433
10/01/2008,BVMBGD,4.407332184,-0.003324775,-0.014702268,1.671089779
10/02/2008,BVMBGD,4.352884615,-0.012353861,-0.054447569,1.650445369
10/03/2008,BVMBGD,4.335984513,-0.003882506,-0.016900103,1.644037504
10/06/2008,BVMBGD,4.228307721,-0.024833297,-0.107676792,1.603210632
10/07/2008,BVMBGD,4.131597771,-0.022872023,-0.096709951,1.566541962
10/08/2008,BVMBGD,4.051937697,-0.019280694,-0.079660074,1.536337945
10/09/2008,BVMBGD,3.929261519,-0.030275929,-0.122676178,1.489823887
10/10/2008,BVMBGD,3.753578056,-0.044711573,-0.175683462,1.423211518
10/13/2008,BVMBGD,3.878848504,0.033373609,0.125270448,1.470709223
10/14/2008,BVMBGD,3.837506722,-0.010658262,-0.041341782,1.455034019
10/15/2008,BVMBGD,3.786071347,-0.013403331,-0.051435374,1.435531716
10/16/2008,BVMBGD,3.705524887,-0.021274417,-0.080546461,1.404991616
10/17/2008,BVMBGD,3.666362445,-0.010568662,-0.039162442,1.390142733
10/20/2008,BVMBGD,3.603359648,-0.017184007,-0.063002797,1.366254511
10/21/2008,BVMBGD,3.399002792,-0.056712867,-0.204356856,1.288770301
10/22/2008,BVMBGD,3.173310616,-0.066399526,-0.225692176,1.203196563
10/23/2008,BVMBGD,2.936485367,-0.07463034,-0.23682525,1.113401595
10/24/2008,BVMBGD,2.884756629,-0.017615868,-0.051728737,1.09378806
10/27/2008,BVMBGD,2.864833246,-0.006906435,-0.019923383,1.086233884
10/28/2008,BVMBGD,2.850328521,-0.005063026,-0.014504725,1.080734254
10/29/2008,BVMBGD,2.837880812,-0.004367114,-0.012447709,1.076014564
10/30/2008,BVMBGD,2.896606442,0.02069348,0.05872563,1.09828105
10/31/2008,BVMBGD,3.031361458,0.046521686,0.134755016,1.149374937
11/03/2008,BVMBGD,3.242083459,0.069513981,0.210722001,1.226992945
11/04/2008,BVMBGD,3.296463561,0.016773196,0.054380102,1.247573539
11/05/2008,BVMBGD,3.290676269,-0.001755606,-0.005787293,1.245383291
11/06/2008,BVMBGD,3.248553288,-0.012800707,-0.042122981,1.229441505
11/07/2008,BVMBGD,3.22474868,-0.007327757,-0.023804608,1.220432456
11/10/2008,BVMBGD,3.241462384,0.005182948,0.016713704,1.226757894
11/11/2008,BVMBGD,3.248573372,0.002193759,0.007110989,1.229449106
11/12/2008,BVMBGD,3.220483055,-0.00864697,-0.028090318,1.218818096
11/13/2008,BVMBGD,3.184595608,-0.011143498,-0.035887446,1.205236199
11/14/2008,BVMBGD,3.169911765,-0.004610897,-0.014683844,1.199678978
11/17/2008,BVMBGD,3.160016824,-0.003121519,-0.00989494,1.195934158
11/18/2008,BVMBGD,3.174336432,0.004531497,0.014319608,1.20135353
11/19/2008,BVMBGD,3.19039386,0.005058515,0.016057428,1.207430595
11/20/2008,BVMBGD,3.133120108,-0.017951938,-0.057273752,1.185754876
11/21/2008,BVMBGD,3.111031084,-0.007050168,-0.022089024,1.177395104
11/24/2008,BVMBGD,3.158321761,0.015200966,0.047290677,1.195292647
11/25/2008,BVMBGD,3.220836313,0.019793598,0.062514552,1.218951789
11/26/2008,BVMBGD,3.251730235,0.009591894,0.030893922,1.230643846
11/27/2008,BVMBGD,3.247155833,-0.001406759,-0.004574402,1.228912626
11/28/2008,BVMBGD,3.264774296,0.005425814,0.017618463,1.235580478
12/01/2008,BVMBGD,3.226647206,-0.011678323,-0.03812709,1.209886837
12/02/2008,BVMBGD,3.213796974,-0.003982534,-0.012850232,1.205068422
12/03/2008,BVMBGD,3.181580802,-0.010024333,-0.032216172,1.192988414
12/04/2008,BVMBGD,3.172876452,-0.002735857,-0.00870435,1.189724569
12/05/2008,BVMBGD,3.134479367,-0.012101664,-0.038397085,1.175326922
12/08/2008,BVMBGD,3.155103881,0.006579885,0.020624513,1.183060437
12/09/2008,BVMBGD,3.189199263,0.010806421,0.034095382,1.195845087
12/10/2008,BVMBGD,3.249693,0.018968315,0.060493738,1.218528254
12/11/2008,BVMBGD,3.277437577,0.008537599,0.027744576,1.22893156
12/12/2008,BVMBGD,3.291838991,0.004394108,0.014401414,1.234331618
12/15/2008,BVMBGD,3.318789665,0.008187118,0.026950674,1.244437236
12/16/2008,BVMBGD,3.344682332,0.00780184,0.025892666,1.254146137
12/17/2008,BVMBGD,3.44159941,0.028976467,0.096917078,1.290486861
12/18/2008,BVMBGD,3.53675844,0.027649653,0.09515903,1.326168375
12/19/2008,BVMBGD,3.576881742,0.011344655,0.040123303,1.341213297
12/22/2008,BVMBGD,3.605027543,0.007868809,0.0281458,1.351767049
12/23/2008,BVMBGD,3.625904605,0.005791097,0.020877063,1.359595262
12/24/2008,BVMBGD,3.639953944,0.003874713,0.014049338,1.364863303
12/26/2008,BVMBGD,3.664322724,0.006694805,0.02436878,1.374000796
12/29/2008,BVMBGD,3.739313181,0.020465025,0.074990457,1.402119757
12/30/2008,BVMBGD,3.785945458,0.012470813,0.046632276,1.419605331
01/02/2009,BVMBGD,3.771188737,-0.003897764,-0.014756721,1.402972
01/05/2009,BVMBGD,3.803094984,0.008460528,0.031906247,1.414841884
01/07/2009,BVMBGD,3.784186238,-0.004971936,-0.018908746,1.40780738
01/08/2009,BVMBGD,3.70392425,-0.021209841,-0.080261988,1.37794801
01/09/2009,BVMBGD,3.728050707,0.006513755,0.024126457,1.386923626
01/12/2009,BVMBGD,3.726068341,-0.000531743,-0.001982366,1.386186139
01/13/2009,BVMBGD,3.73491918,0.002375383,0.00885084,1.389478862
01/14/2009,BVMBGD,3.765961864,0.008311474,0.031042684,1.401027479
01/15/2009,BVMBGD,3.779630505,0.003629522,0.01366864,1.406112539
01/16/2009,BVMBGD,3.801868958,0.005883764,0.022238453,1.414385773
01/19/2009,BVMBGD,3.845598508,0.011502119,0.043729549,1.430654207
01/20/2009,BVMBGD,3.827047006,-0.004824087,-0.018551501,1.423752606
01/21/2009,BVMBGD,3.818112779,-0.002334496,-0.008934227,1.420428861
01/22/2009,BVMBGD,3.828851038,0.002812452,0.010738258,1.424423749
01/23/2009,BVMBGD,3.803798246,-0.006543162,-0.025052792,1.415103514
01/26/2009,BVMBGD,3.822697368,0.004968487,0.018899123,1.422134438
01/27/2009,BVMBGD,3.855555556,0.00859555,0.032858187,1.434358466
01/28/2009,BVMBGD,3.904488987,0.012691668,0.048933431,1.452562867
01/29/2009,BVMBGD,3.90630837,0.000465972,0.001819383,1.453239721
01/30/2009,BVMBGD,3.920244021,0.003567473,0.013935651,1.458424115
02/02/2009,BVMBGD,3.931022026,0.00274932,0.010778006,1.46243379
02/03/2009,BVMBGD,3.965079505,0.008663772,0.034057478,1.475103982
02/04/2009,BVMBGD,3.949411972,-0.003951379,-0.015667533,1.469275287
02/05/2009,BVMBGD,3.907197287,-0.010688853,-0.042214685,1.453570419
02/06/2009,BVMBGD,3.954255507,0.012043984,0.04705822,1.471077197
02/09/2009,BVMBGD,3.938898897,-0.003883565,-0.015356609,1.465364173
02/10/2009,BVMBGD,3.914361981,-0.006229384,-0.024536916,1.456235856
02/11/2009,BVMBGD,3.87013557,-0.011298498,-0.044226412,1.439782578
02/12/2009,BVMBGD,3.801600854,-0.017708609,-0.068534716,1.414286032
02/13/2009,BVMBGD,3.812381441,0.002835802,0.010780587,1.418296667
02/16/2009,BVMBGD,3.837343703,0.006547682,0.024962262,1.427583223
02/17/2009,BVMBGD,3.818138056,-0.005004933,-0.019205647,1.420438265
02/18/2009,BVMBGD,3.778149548,-0.010473301,-0.039988508,1.405561588
02/19/2009,BVMBGD,3.770151963,-0.002116799,-0.007997585,1.402586296
02/20/2009,BVMBGD,3.784385086,0.003775212,0.014233123,1.407881356
02/25/2009,BVMBGD,3.785315985,0.000245984,0.000930899,1.408227673
02/26/2009,BVMBGD,3.807647677,0.005899558,0.022331692,1.416535594
02/27/2009,BVMBGD,3.814867316,0.001896089,0.007219639,1.419221472
03/02/2009,BVMBGD,3.797558512,-0.004537197,-0.017308805,1.405774232
03/03/2009,BVMBGD,3.767683691,-0.007866849,-0.02987482,1.394715219
03/04/2009,BVMBGD,3.763522274,-0.001104503,-0.004161417,1.393174752
03/05/2009,BVMBGD,3.741050801,-0.005970862,-0.022471473,1.384856297
03/06/2009,BVMBGD,3.731671627,-0.002507096,-0.009379174,1.381384329
03/09/2009,BVMBGD,3.724371485,-0.001956266,-0.007300142,1.378681974
03/10/2009,BVMBGD,3.749390446,0.006717633,0.025018961,1.387943454
03/11/2009,BVMBGD,3.76801017,0.004966067,0.018619724,1.394836074
03/12/2009,BVMBGD,3.764917648,-0.000820731,-0.003092522,1.393691289
03/13/2009,BVMBGD,3.751893876,-0.003459245,-0.013023772,1.38887017
03/16/2009,BVMBGD,3.762668954,0.002871904,0.010775078,1.392858871
03/17/2009,BVMBGD,3.766728421,0.00107888,0.004059467,1.394361598
03/18/2009,BVMBGD,3.764486336,-0.000595234,-0.002242085,1.393531627
03/19/2009,BVMBGD,3.761482753,-0.000797873,-0.003003583,1.392419765
03/20/2009,BVMBGD,3.782673455,0.005633603,0.021190702,1.400264106
03/23/2009,BVMBGD,3.793680858,0.002909953,0.011007403,1.404338809
03/24/2009,BVMBGD,3.762560407,-0.008203234,-0.031120452,1.392818689
03/25/2009,BVMBGD,3.730087396,-0.008630562,-0.032473011,1.380797881
03/26/2009,BVMBGD,3.734448884,0.001169272,0.004361489,1.38241241
03/27/2009,BVMBGD,3.74724096,0.003425425,0.012792076,1.387147761
03/30/2009,BVMBGD,3.721922773,-0.006756488,-0.025318188,1.377775514
03/31/2009,BVMBGD,3.707001036,-0.004009147,-0.014921736,1.372251809
04/01/2009,BVMBGD,3.722263304,0.004117147,0.015262268,1.378462876
04/02/2009,BVMBGD,3.756488454,0.009194715,0.03422515,1.391137449
04/03/2009,BVMBGD,3.772892445,0.004366842,0.016403991,1.397212326
04/06/2009,BVMBGD,3.777818653,0.001305685,0.004926208,1.399036645
04/07/2009,BVMBGD,3.776624459,-0.000316107,-0.001194195,1.3985944
04/08/2009,BVMBGD,3.777823955,0.000317611,0.001199496,1.399038609
04/13/2009,BVMBGD,3.824440655,0.012339564,0.046616701,1.416302135
04/14/2009,BVMBGD,3.869542386,0.011793027,0.04510173,1.433004624
04/15/2009,BVMBGD,3.911360408,0.010806968,0.041818022,1.448491059
04/16/2009,BVMBGD,3.910329148,-0.000263658,-0.00103126,1.448109154
04/17/2009,BVMBGD,3.904693954,-0.001441105,-0.005635194,1.446022277
04/20/2009,BVMBGD,3.874073611,-0.007841932,-0.030620343,1.434682669
04/21/2009,BVMBGD,3.875403276,0.000343221,0.001329665,1.435175083
04/22/2009,BVMBGD,3.878509044,0.000801405,0.003105768,1.43632524
04/23/2009,BVMBGD,3.886750435,0.002124886,0.008241391,1.439377268
04/24/2009,BVMBGD,3.887638866,0.000228579,0.00088843,1.439706279
04/27/2009,BVMBGD,3.900531826,0.003316399,0.012892961,1.444480919
04/28/2009,BVMBGD,3.893419307,-0.001823474,-0.00711252,1.441846945
04/29/2009,BVMBGD,3.910317954,0.00434031,0.016898647,1.448105008
04/30/2009,BVMBGD,3.974091212,0.01630897,0.063773258,1.471722109
05/04/2009,BVMBGD,4.015438626,0.010404244,0.041347414,1.481001227
05/05/2009,BVMBGD,4.072479256,0.01420533,0.05704063,1.502039337
05/06/2009,BVMBGD,4.079694223,0.00177164,0.007214967,1.50470041
05/07/2009,BVMBGD,4.13159127,0.012720818,0.051897047,1.52384143
05/08/2009,BVMBGD,4.178489568,0.011351147,0.046898298,1.541138778
05/11/2009,BVMBGD,4.194056445,0.003725479,0.015566877,1.546880258
05/12/2009,BVMBGD,4.217518341,0.005594082,0.023461896,1.555533633
05/13/2009,BVMBGD,4.213774349,-0.000887724,-0.003743992,1.554152749
05/14/2009,BVMBGD,4.204498488,-0.002201319,-0.009275861,1.550731563
05/15/2009,BVMBGD,4.21461448,0.002405993,0.010115992,1.554462612
05/19/2009,BVMBGD,4.259985699,0.010765212,0.045371219,1.571196732
05/20/2009,BVMBGD,4.290224676,0.007098375,0.030238978,1.582349676
05/21/2009,BVMBGD,4.33995513,0.011591573,0.049730454,1.600691598
05/22/2009,BVMBGD,4.359820293,0.004577274,0.019865163,1.608018402
05/25/2009,BVMBGD,4.383108509,0.005341554,0.023288216,1.616607719
05/26/2009,BVMBGD,4.39271231,0.002191094,0.009603801,1.620149858
05/27/2009,BVMBGD,4.42809194,0.008054165,0.03537963,1.633198813
05/28/2009,BVMBGD,4.448422485,0.004591265,0.020330545,1.640697261
05/29/2009,BVMBGD,4.455313722,0.001549142,0.006891237,1.643238934
06/01/2009,BVMBGD,4.491971987,0.008227987,0.036658265,1.638150318
06/02/2009,BVMBGD,4.495870698,0.000867928,0.00389871,1.639572115
06/03/2009,BVMBGD,4.542982683,0.010478946,0.047111985,1.656753103
06/04/2009,BVMBGD,4.543651581,0.000147238,0.000668898,1.656997039
06/05/2009,BVMBGD,4.553871763,0.002249332,0.010220182,1.660724176
06/08/2009,BVMBGD,4.541095594,-0.002805562,-0.012776168,1.656064912
06/09/2009,BVMBGD,4.520276438,-0.004584611,-0.020819156,1.648472499
06/10/2009,BVMBGD,4.477809352,-0.009394799,-0.042467087,1.632985431
06/11/2009,BVMBGD,4.473959587,-0.000859743,-0.003849764,1.631581484
06/12/2009,BVMBGD,4.465145389,-0.001970111,-0.008814198,1.628367087
06/15/2009,BVMBGD,4.413141507,-0.011646627,-0.052003881,1.609402103
06/16/2009,BVMBGD,4.368180458,-0.010187992,-0.04496105,1.593005528
06/17/2009,BVMBGD,4.321974088,-0.010577944,-0.04620637,1.576154804
06/18/2009,BVMBGD,4.289292519,-0.007561723,-0.032681569,1.564236359
06/22/2009,BVMBGD,4.285598464,-0.000861227,-0.003694055,1.562889196
06/23/2009,BVMBGD,4.23363276,-0.012125659,-0.051965704,1.543938135
06/24/2009,BVMBGD,4.298283661,0.015270786,0.064650901,1.567515284
06/25/2009,BVMBGD,4.384037718,0.019950767,0.085754057,1.598788417
06/26/2009,BVMBGD,4.414251832,0.006891846,0.030214114,1.609807021
06/29/2009,BVMBGD,4.47940715,0.014760218,0.065155318,1.633568123
06/30/2009,BVMBGD,4.469789984,-0.002146973,-0.009617166,1.630060896
07/01/2009,BVMBGD,4.481716115,0.002668164,0.011926131,1.618415468
07/02/2009,BVMBGD,4.506479139,0.005525344,0.024763024,1.627357771
07/03/2009,BVMBGD,4.511427469,0.001098048,0.00494833,1.629144688
07/06/2009,BVMBGD,4.492681781,-0.004155157,-0.018745687,1.622375336
07/07/2009,BVMBGD,4.472129819,-0.004574542,-0.020551962,1.614953712
07/08/2009,BVMBGD,4.479084604,0.001555139,0.006954784,1.61746519
07/09/2009,BVMBGD,4.457253401,-0.004874032,-0.021831202,1.609581613
07/10/2009,BVMBGD,4.483097149,0.005798133,0.025843747,1.618914181
07/13/2009,BVMBGD,4.480893564,-0.000491532,-0.002203584,1.618118433
07/14/2009,BVMBGD,4.511989415,0.006939654,0.03109585,1.629347615
07/15/2009,BVMBGD,4.546366397,0.00761903,0.034376982,1.641761663
07/16/2009,BVMBGD,4.54764721,0.000281722,0.001280813,1.642224184
07/17/2009,BVMBGD,4.533532832,-0.003103666,-0.014114378,1.637127268
07/20/2009,BVMBGD,4.560401109,0.005926565,0.026868278,1.64682981
07/21/2009,BVMBGD,4.574856727,0.003169813,0.014455618,1.652049952
07/22/2009,BVMBGD,4.601087189,0.005733614,0.026230462,1.661522169
07/23/2009,BVMBGD,4.598130522,-0.000642602,-0.002956667,1.660454471
07/24/2009,BVMBGD,4.615815606,0.003846147,0.017685084,1.666840823
07/27/2009,BVMBGD,4.634862189,0.004126374,0.019046583,1.673718832
07/28/2009,BVMBGD,4.648656409,0.002976188,0.013794221,1.678700133
07/29/2009,BVMBGD,4.646768467,-0.000406126,-0.001887942,1.678018369
07/30/2009,BVMBGD,4.648915827,0.000462119,0.00214736,1.678793813
07/31/2009,BVMBGD,4.659165348,0.002204712,0.010249521,1.68249507
08/03/2009,BVMBGD,4.690152649,0.006650827,0.030987301,1.67308267
08/04/2009,BVMBGD,4.719498012,0.006256803,0.029345363,1.683550819
08/05/2009,BVMBGD,4.749403515,0.006336586,0.029905503,1.694218783
08/06/2009,BVMBGD,4.756668234,0.001529607,0.00726472,1.696810272
08/07/2009,BVMBGD,4.75596699,-0.000147423,-0.000701244,1.696560122
08/10/2009,BVMBGD,4.753085047,-0.000605964,-0.002881943,1.695532068
08/11/2009,BVMBGD,4.718818147,-0.007209402,-0.0342669,1.683308296
08/12/2009,BVMBGD,4.729007568,0.002159316,0.010189421,1.686943091
08/13/2009,BVMBGD,4.737931329,0.001887026,0.008923761,1.690126397
08/14/2009,BVMBGD,4.728503014,-0.001989964,-0.009428315,1.686763106
08/17/2009,BVMBGD,4.708248172,-0.004283563,-0.020254842,1.679537749
08/18/2009,BVMBGD,4.711758669,0.000745606,0.003510497,1.680790022
08/19/2009,BVMBGD,4.692996109,-0.003982072,-0.01876256,1.674096996
08/20/2009,BVMBGD,4.699978621,0.001487858,0.006982512,1.676587815
08/21/2009,BVMBGD,4.706499337,0.001387393,0.006520717,1.6789139
08/24/2009,BVMBGD,4.709227349,0.000579626,0.002728011,1.679887043
08/26/2009,BVMBGD,4.718557318,0.00198121,0.00932997,1.683215253
08/27/2009,BVMBGD,4.716248343,-0.000489339,-0.002308975,1.68239159
08/28/2009,BVMBGD,4.722426989,0.001310077,0.006178646,1.684595651
08/31/2009,BVMBGD,4.717180485,-0.001110976,-0.005246504,1.682724105
09/01/2009,BVMBGD,4.708124172,-0.001919857,-0.009056313,1.675608289
09/02/2009,BVMBGD,4.70634113,-0.000378716,-0.001783042,1.67497371
09/03/2009,BVMBGD,4.710497285,0.000883097,0.004156155,1.676452874
09/04/2009,BVMBGD,4.722426989,0.002532579,0.011929705,1.680698622
09/07/2009,BVMBGD,4.724599136,0.000459964,0.002172147,1.681471683
09/08/2009,BVMBGD,4.72459486,-9.05025E-07,-4.27588E-06,1.681470162
09/09/2009,BVMBGD,4.735203318,0.002245369,0.010608458,1.685245682
09/10/2009,BVMBGD,4.705421816,-0.006289382,-0.029781503,1.674646528
09/11/2009,BVMBGD,4.764142472,0.012479361,0.058720657,1.695545047
09/14/2009,BVMBGD,4.766122205,0.000415549,0.001979732,1.696249628
09/15/2009,BVMBGD,4.780369436,0.002989271,0.014247231,1.701320178
09/16/2009,BVMBGD,4.816761449,0.007612803,0.036392013,1.714271994
09/17/2009,BVMBGD,4.821537606,0.00099157,0.004776158,1.715971815
09/18/2009,BVMBGD,4.830196263,0.001795829,0.008658657,1.719053407
09/21/2009,BVMBGD,4.871591055,0.008570002,0.041394792,1.733785698
09/22/2009,BVMBGD,4.890507547,0.003883021,0.018916492,1.740518025
09/23/2009,BVMBGD,4.90172318,0.002293347,0.011215633,1.744509638
09/24/2009,BVMBGD,4.902026767,6.19348E-05,0.000303587,1.744617683
09/25/2009,BVMBGD,4.909860179,0.001597994,0.007833412,1.747405573
09/28/2009,BVMBGD,4.929550605,0.004010384,0.019690426,1.754413341
09/29/2009,BVMBGD,4.928751016,-0.000162203,-0.00079959,1.754128769
09/30/2009,BVMBGD,4.947325437,0.003768586,0.018574422,1.760739354
10/01/2009,BVMBGD,4.938987472,-0.001685348,-0.008337966,1.757959591
10/02/2009,BVMBGD,4.941505965,0.000509921,0.002518493,1.758856012
10/05/2009,BVMBGD,4.966524137,0.005062864,0.025018172,1.76776086
10/06/2009,BVMBGD,5.009573695,0.008667945,0.043049557,1.783083714
10/07/2009,BVMBGD,5.052683115,0.008605407,0.04310942,1.798427875
10/08/2009,BVMBGD,5.109351349,0.011215474,0.056668234,1.818598095
10/09/2009,BVMBGD,5.136793945,0.005371053,0.027442596,1.828365882
10/13/2009,BVMBGD,5.133864968,-0.000570196,-0.002928978,1.827323356
10/14/2009,BVMBGD,5.149099927,0.002967542,0.01523496,1.832746014
10/15/2009,BVMBGD,5.13832471,-0.002092641,-0.010775217,1.828910735
10/16/2009,BVMBGD,5.131414889,-0.001344762,-0.006909822,1.826451286
10/19/2009,BVMBGD,5.124915551,-0.001266578,-0.006499337,1.824137943
10/20/2009,BVMBGD,5.125723693,0.000157689,0.000808141,1.824425589
10/21/2009,BVMBGD,5.102608287,-0.004509686,-0.023115406,1.816198002
10/22/2009,BVMBGD,5.049215376,-0.010463847,-0.053392911,1.797193585
10/23/2009,BVMBGD,5.039842648,-0.001856274,-0.009372728,1.7938575
10/26/2009,BVMBGD,5.004652157,-0.006982458,-0.03519049,1.781331966
10/27/2009,BVMBGD,4.871048018,-0.026695989,-0.133604139,1.733777547
10/28/2009,BVMBGD,4.85190918,-0.003929101,-0.019138838,1.72696536
10/29/2009,BVMBGD,4.95149442,0.02052496,0.09958524,1.762411255
10/30/2009,BVMBGD,4.945709155,-0.001168388,-0.005785265,1.760352075
11/03/2009,BVMBGD,4.943117972,-0.000523925,-0.002591183,1.758428363
11/04/2009,BVMBGD,5.004387053,0.012394825,0.061269081,1.780223775
11/05/2009,BVMBGD,5.004198914,-3.75948E-05,-0.000188139,1.780156847
11/06/2009,BVMBGD,5.030247573,0.005205361,0.02604866,1.789423206
11/09/2009,BVMBGD,5.062102878,0.006332751,0.031855304,1.800755177
11/10/2009,BVMBGD,5.099640826,0.007415485,0.037537948,1.81410865
11/11/2009,BVMBGD,5.094915979,-0.000926506,-0.004724847,1.812427868
11/12/2009,BVMBGD,5.119087527,0.004744249,0.024171548,1.821026476
11/13/2009,BVMBGD,5.136490358,0.003399596,0.017402831,1.827217231
11/16/2009,BVMBGD,5.153799119,0.003369764,0.017308761,1.833374522
11/17/2009,BVMBGD,5.18323,0.005710521,0.02943088,1.843844047
11/18/2009,BVMBGD,5.183708898,9.23938E-05,0.000478899,1.844014406
11/19/2009,BVMBGD,5.159614316,-0.004648136,-0.024094582,1.835443177
11/20/2009,BVMBGD,5.153469876,-0.001190872,-0.006144439,1.8332574
11/23/2009,BVMBGD,5.161470047,0.001552385,0.008000171,1.836103322
11/24/2009,BVMBGD,5.165305512,0.000743095,0.003835464,1.837467721
11/25/2009,BVMBGD,5.204340018,0.007557057,0.039034506,1.851353569
11/26/2009,BVMBGD,5.183170137,-0.004067736,-0.021169881,1.843822752
11/27/2009,BVMBGD,5.154012913,-0.005625365,-0.029157224,1.833450576
11/30/2009,BVMBGD,5.183704622,0.005760891,0.029691709,1.844012885
12/01/2009,BVMBGD,5.194257493,0.002035778,0.010552871,1.839130933
12/02/2009,BVMBGD,5.198952409,0.000903867,0.004694916,1.840793262
12/03/2009,BVMBGD,5.203955189,0.000962267,0.005002779,1.842564596
12/04/2009,BVMBGD,5.181002266,-0.004410669,-0.022952923,1.834437654
12/07/2009,BVMBGD,5.173151751,-0.00151525,-0.007850515,1.831658022
12/08/2009,BVMBGD,5.164792406,-0.001615909,-0.008359345,1.828698228
12/09/2009,BVMBGD,5.153465601,-0.00219308,-0.011326805,1.824687746
12/10/2009,BVMBGD,5.139132852,-0.002781187,-0.014332749,1.819612949
12/11/2009,BVMBGD,5.137093257,-0.000396875,-0.002039595,1.81889079
12/14/2009,BVMBGD,5.140496857,0.000662554,0.0034036,1.820095902
12/15/2009,BVMBGD,5.112712191,-0.005405055,-0.027784667,1.810258185
12/16/2009,BVMBGD,5.112207637,-9.86861E-05,-0.000504554,1.810079537
12/17/2009,BVMBGD,5.106884166,-0.001041325,-0.00532347,1.808194656
12/18/2009,BVMBGD,5.103574635,-0.000648053,-0.003309531,1.80702285
12/21/2009,BVMBGD,5.097849232,-0.001121842,-0.005725403,1.804995656
12/22/2009,BVMBGD,5.078073289,-0.003879272,-0.019775944,1.797993587
12/23/2009,BVMBGD,5.058669346,-0.003821123,-0.019403942,1.791123233
12/24/2009,BVMBGD,5.050416898,-0.001631348,-0.008252448,1.788201288
12/28/2009,BVMBGD,5.05783555,0.001468919,0.007418651,1.79082801
12/29/2009,BVMBGD,5.078436738,0.004073123,0.020601189,1.798122274
12/30/2009,BVMBGD,5.082438962,0.000788082,0.004002223,1.799539341
01/04/2010,BVMBGD,5.089301749,0.001350294,0.006862787,1.785281422
01/05/2010,BVMBGD,5.118266558,0.005691313,0.02896481,1.795442017
01/07/2010,BVMBGD,5.137563604,0.003770231,0.019297045,1.802211248
01/08/2010,BVMBGD,5.127070595,-0.00204241,-0.010493009,1.798530394
01/11/2010,BVMBGD,5.131722752,0.000907371,0.004652157,1.800162329
01/12/2010,BVMBGD,5.147333989,0.003042105,0.015611237,1.805638611
01/13/2010,BVMBGD,5.129768675,-0.003412507,-0.017565314,1.799476857
01/14/2010,BVMBGD,5.128131013,-0.000319247,-0.001637662,1.798902379
01/15/2010,BVMBGD,5.114619233,-0.002634835,-0.01351178,1.794162568
01/18/2010,BVMBGD,5.102462907,-0.00237678,-0.012156326,1.789898238
01/19/2010,BVMBGD,5.100927866,-0.000300843,-0.001535041,1.789359759
01/20/2010,BVMBGD,5.107602514,0.001308517,0.006674648,1.791701166
01/21/2010,BVMBGD,5.107354513,-4.85553E-05,-0.000248001,1.79161417
01/22/2010,BVMBGD,5.097058195,-0.002015979,-0.010296318,1.788002313
01/25/2010,BVMBGD,5.095411981,-0.000322973,-0.001646214,1.787424836
01/26/2010,BVMBGD,5.13149613,0.007081694,0.036084149,1.800082832
01/27/2010,BVMBGD,5.124620516,-0.001339885,-0.006875615,1.797670928
01/28/2010,BVMBGD,5.111087356,-0.002640812,-0.013533159,1.792923617
01/29/2010,BVMBGD,5.12583059,0.002884559,0.014743233,1.798095412
02/01/2010,BVMBGD,5.122388506,-0.000671517,-0.003442083,1.786921268
02/02/2010,BVMBGD,6.120755102,0.194902553,0.998366596,2.135196784
02/03/2010,BVMBGD,6.121206076,7.36795E-05,0.000450974,2.135354105
02/04/2010,BVMBGD,6.067710092,-0.008739452,-0.053495985,2.116692281
02/05/2010,BVMBGD,6.01141357,-0.009278051,-0.056296522,2.097053502
02/08/2010,BVMBGD,5.945927897,-0.010893556,-0.065485673,2.074209132
02/09/2010,BVMBGD,5.941502513,-0.000744271,-0.004425385,2.072665357
02/10/2010,BVMBGD,5.933486377,-0.001349176,-0.008016135,2.069868966
02/11/2010,BVMBGD,5.939317756,0.000982791,0.005831378,2.071903215
02/12/2010,BVMBGD,5.927567212,-0.001978433,-0.011750543,2.067804093
02/17/2010,BVMBGD,5.919507538,-0.001359694,-0.008059675,2.064992513
02/18/2010,BVMBGD,5.938685139,0.003239729,0.019177601,2.071682529
02/19/2010,BVMBGD,5.956811083,0.003052181,0.018125945,2.07800568
02/22/2010,BVMBGD,5.999410253,0.007151338,0.042599169,2.092866201
02/23/2010,BVMBGD,6.02335881,0.003991819,0.023948557,2.101220543
02/24/2010,BVMBGD,6.051807961,0.004723137,0.028449152,2.111144897
02/25/2010,BVMBGD,6.064964353,0.00217396,0.013156391,2.115734442
02/26/2010,BVMBGD,6.107659338,0.00703961,0.042694986,2.130628388
03/02/2010,BVMBGD,6.181590106,0.012104599,0.073930768,2.136149736
03/03/2010,BVMBGD,6.19513456,0.002191095,0.013544454,2.140830244
03/04/2010,BVMBGD,6.22119084,0.004205926,0.02605628,2.149834418
03/05/2010,BVMBGD,6.22401421,0.000453831,0.00282337,2.15081008
03/08/2010,BVMBGD,6.220972152,-0.000488761,-0.003042058,2.149758847
03/09/2010,BVMBGD,6.255332012,0.00552323,0.03435986,2.16163246
03/10/2010,BVMBGD,6.295201262,0.006373642,0.03986925,2.175409932
03/11/2010,BVMBGD,6.340484694,0.007193326,0.045283432,2.191058364
03/12/2010,BVMBGD,6.364826531,0.003839113,0.024341837,2.199470085
03/15/2010,BVMBGD,6.384445013,0.003082328,0.019618482,2.206249572
03/16/2010,BVMBGD,6.389794352,0.000837871,0.00534934,2.208098124
03/17/2010,BVMBGD,6.405451282,0.002450303,0.01565693,2.213508633
03/18/2010,BVMBGD,6.390368779,-0.002354635,-0.015082503,2.208296627
03/19/2010,BVMBGD,6.361470738,-0.004522124,-0.028898041,2.198310435
03/22/2010,BVMBGD,6.351306027,-0.001597855,-0.010164711,2.194797853
03/23/2010,BVMBGD,6.37825359,0.004242838,0.026947563,2.204110025
03/24/2010,BVMBGD,6.411591546,0.005226816,0.033337956,2.215630502
03/25/2010,BVMBGD,6.439834744,0.004405022,0.028243199,2.225390402
03/26/2010,BVMBGD,6.449706707,0.001532953,0.009871963,2.22880182
03/29/2010,BVMBGD,6.458043101,0.001292523,0.008336393,2.231682598
03/30/2010,BVMBGD,6.482187708,0.003738688,0.024144607,2.240026162
03/31/2010,BVMBGD,6.508712413,0.004091937,0.026524705,2.249192209
04/05/2010,BVMBGD,6.508229247,-7.42338E-05,-0.000483166,2.235199109
04/06/2010,BVMBGD,6.513580057,0.000822161,0.00535081,2.237036802
04/07/2010,BVMBGD,6.5230789,0.001458314,0.009498843,2.240299104
04/08/2010,BVMBGD,6.51923927,-0.000588622,-0.00383963,2.238980414
04/09/2010,BVMBGD,6.514685171,-0.000698563,-0.004554099,2.237416345
04/12/2010,BVMBGD,6.52305834,0.001285276,0.008373169,2.240292042
04/13/2010,BVMBGD,6.531883834,0.001352969,0.008825495,2.243323088
04/14/2010,BVMBGD,6.540231303,0.001277957,0.008347469,2.246189959
04/15/2010,BVMBGD,6.573338473,0.005062079,0.03310717,2.257560351
04/16/2010,BVMBGD,6.557167823,-0.002460036,-0.01617065,2.252006671
04/20/2010,BVMBGD,6.566270882,0.001388261,0.009103058,2.255133043
04/21/2010,BVMBGD,6.573405294,0.001086524,0.007134413,2.2575833
04/22/2010,BVMBGD,6.57920329,0.000882038,0.005797995,2.259574575
04/23/2010,BVMBGD,6.580858391,0.000251566,0.001655102,2.260143006
04/26/2010,BVMBGD,6.582575173,0.000260875,0.001716782,2.260732621
04/27/2010,BVMBGD,6.565325109,-0.002620565,-0.017250064,2.254808225
04/28/2010,BVMBGD,6.543927011,-0.003259259,-0.021398098,2.24745922
04/29/2010,BVMBGD,6.557388846,0.002057149,0.013461835,2.252082579
04/30/2010,BVMBGD,6.559804677,0.000368414,0.002415831,2.252912277
05/03/2010,BVMBGD,6.632439888,0.01107277,0.07263521,2.284291334
05/04/2010,BVMBGD,6.622175274,-0.001547638,-0.010264614,2.280756078
05/05/2010,BVMBGD,6.58931218,-0.004962583,-0.032863094,2.269437637
05/06/2010,BVMBGD,6.459894595,-0.01964053,-0.129417585,2.224864679
05/07/2010,BVMBGD,6.337656861,-0.018922559,-0.122237734,2.182764547
05/10/2010,BVMBGD,6.431394577,0.014790595,0.093737716,2.215048933
05/11/2010,BVMBGD,6.55170818,0.018707234,0.120313603,2.256486371
05/12/2010,BVMBGD,6.600940685,0.007514453,0.049232505,2.273442633
05/13/2010,BVMBGD,6.657288989,0.008536405,0.056348305,2.29284966
05/14/2010,BVMBGD,6.621052356,-0.005443152,-0.036236633,2.280369332
05/18/2010,BVMBGD,6.596471139,-0.003712585,-0.024581217,2.271903268
05/19/2010,BVMBGD,6.58896749,-0.001137525,-0.007503649,2.269318922
05/20/2010,BVMBGD,6.561219398,-0.004211296,-0.027748092,2.259762148
05/21/2010,BVMBGD,6.518482823,-0.006513511,-0.042736575,2.245043163
05/24/2010,BVMBGD,6.506004141,-0.001914354,-0.012478682,2.240745356
05/25/2010,BVMBGD,6.473475515,-0.004999786,-0.032528626,2.22954211
05/26/2010,BVMBGD,6.493970679,0.003166022,0.020495164,2.236600888
05/27/2010,BVMBGD,6.582316915,0.013604348,0.088346236,2.267028385
05/28/2010,BVMBGD,6.626200167,0.00666684,0.043883252,2.2821423
05/31/2010,BVMBGD,6.635373617,0.001384421,0.00917345,2.285301745
06/01/2010,BVMBGD,6.636987946,0.000243291,0.001614328,2.279420251
06/02/2010,BVMBGD,6.634976807,-0.00030302,-0.002011138,2.278729542
06/03/2010,BVMBGD,6.623756361,-0.001691106,-0.011220446,2.27487597
06/04/2010,BVMBGD,6.612846609,-0.001647064,-0.010909752,2.271129103
06/07/2010,BVMBGD,6.533774187,-0.011957396,-0.079072422,2.243972314
06/08/2010,BVMBGD,6.451288424,-0.01262452,-0.082485762,2.215643241
06/09/2010,BVMBGD,6.353301392,-0.015188754,-0.097987032,2.181990381
06/10/2010,BVMBGD,6.352644171,-0.000103446,-0.000657222,2.181764664
06/11/2010,BVMBGD,6.343441439,-0.001448646,-0.009202732,2.178604059
06/14/2010,BVMBGD,6.155581216,-0.029614875,-0.187860222,2.114084973
06/15/2010,BVMBGD,6.242608442,0.014137938,0.087027226,2.143973775
06/16/2010,BVMBGD,6.174016921,-0.010987638,-0.06859152,2.120416568
06/17/2010,BVMBGD,6.111164312,-0.010180181,-0.062852609,2.098830344
06/18/2010,BVMBGD,6.148625601,0.006129976,0.037461289,2.111696123
06/21/2010,BVMBGD,6.196547094,0.007793854,0.047921492,2.128154375
06/22/2010,BVMBGD,6.193792444,-0.000444546,-0.00275465,2.127208313
06/23/2010,BVMBGD,6.209175583,0.002483638,0.015383139,2.132491528
06/24/2010,BVMBGD,6.239529996,0.004888638,0.030354413,2.142916508
06/25/2010,BVMBGD,6.224517972,-0.002405954,-0.015012024,2.137760749
06/28/2010,BVMBGD,6.261907039,0.006006741,0.037389067,2.150601724
06/29/2010,BVMBGD,6.231418903,-0.004868826,-0.030488136,2.140130818
06/30/2010,BVMBGD,6.23182811,6.56684E-05,0.000409207,2.140271357
07/01/2010,BVMBGD,6.210754011,-0.003381688,-0.021074099,2.110132848
07/02/2010,BVMBGD,6.18671945,-0.00386983,-0.024034562,2.101966993
07/05/2010,BVMBGD,6.206692116,0.003228313,0.019972666,2.1087528
07/06/2010,BVMBGD,6.190084358,-0.002675782,-0.016607757,2.103110236
07/07/2010,BVMBGD,6.195749777,0.000915241,0.005665419,2.105035089
07/08/2010,BVMBGD,6.269316465,0.011873735,0.073566688,2.130029717
07/09/2010,BVMBGD,6.308025568,0.006174374,0.038709103,2.143181316
07/12/2010,BVMBGD,6.339808495,0.00503849,0.031782926,2.153979715
07/13/2010,BVMBGD,6.368952417,0.004596972,0.029143923,2.163881499
07/14/2010,BVMBGD,6.372371545,0.000536843,0.003419128,2.165043164
07/15/2010,BVMBGD,6.463539772,0.014306797,0.091168227,2.196017998
07/16/2010,BVMBGD,6.462339766,-0.000185658,-0.001200006,2.19561029
07/19/2010,BVMBGD,6.444875136,-0.002702524,-0.01746463,2.1896766
07/20/2010,BVMBGD,6.392375394,-0.008145967,-0.052499742,2.171839566
07/21/2010,BVMBGD,6.409751965,0.002718328,0.017376571,2.177743337
07/22/2010,BVMBGD,6.437434927,0.004318882,0.027682962,2.187148754
07/23/2010,BVMBGD,6.488085025,0.007868056,0.050650099,2.204357363
07/26/2010,BVMBGD,6.489456915,0.000211447,0.001371889,2.204823468
07/27/2010,BVMBGD,6.4974158,0.001226433,0.007958885,2.207527537
07/28/2010,BVMBGD,6.493582507,-0.000589972,-0.003833292,2.206225158
07/29/2010,BVMBGD,6.510907184,0.002667969,0.017324677,2.212111298
07/30/2010,BVMBGD,6.533051091,0.003401048,0.022143907,2.219634795
08/02/2010,BVMBGD,6.560651965,0.004224806,0.027600875,2.202669789
08/03/2010,BVMBGD,6.587401499,0.004077268,0.026749534,2.211650663
08/04/2010,BVMBGD,6.614860904,0.004168473,0.027459405,2.220869869
08/05/2010,BVMBGD,6.664724075,0.007538053,0.04986317,2.237610903
08/06/2010,BVMBGD,6.660418071,-0.000646089,-0.004306003,2.236165208
08/09/2010,BVMBGD,6.675086605,0.002202344,0.014668534,2.241090013
08/10/2010,BVMBGD,6.70393572,0.004321909,0.028849115,2.2507758
08/11/2010,BVMBGD,6.721602804,0.00263533,0.017667084,2.256707337
08/12/2010,BVMBGD,6.709064313,-0.001865402,-0.012538491,2.252497671
08/13/2010,BVMBGD,6.677761322,-0.004665776,-0.031302991,2.241988022
08/16/2010,BVMBGD,6.679486079,0.000258284,0.001724757,2.242567091
08/17/2010,BVMBGD,6.756586812,0.011542914,0.077100733,2.268452849
08/18/2010,BVMBGD,6.853315726,0.014316239,0.096728914,2.300928563
08/19/2010,BVMBGD,6.938026208,0.012360511,0.084710482,2.329369216
08/20/2010,BVMBGD,6.909497207,-0.004111977,-0.028529002,2.319790904
08/23/2010,BVMBGD,6.91177958,0.000330324,0.002282373,2.320557187
08/24/2010,BVMBGD,6.924189383,0.001795457,0.012409803,2.324723647
08/26/2010,BVMBGD,6.938969319,0.002134537,0.014779936,2.329685855
08/27/2010,BVMBGD,6.899884991,-0.005632584,-0.039084328,2.316563704
08/30/2010,BVMBGD,6.848655888,-0.007424631,-0.051229103,2.299364072
08/31/2010,BVMBGD,6.842885906,-0.000842498,-0.005769982,2.297426861
09/01/2010,BVMBGD,6.855740856,0.001878586,0.01285495,2.294885471
09/02/2010,BVMBGD,6.833298006,-0.003273585,-0.022442851,2.287372968
09/03/2010,BVMBGD,6.843275754,0.001460166,0.009977749,2.290712912
09/06/2010,BVMBGD,6.86754817,0.0035469,0.024272415,2.298837842
09/07/2010,BVMBGD,6.895789677,0.004112313,0.028241507,2.308291383
09/08/2010,BVMBGD,6.871089842,-0.003581872,-0.024699835,2.300023379
09/09/2010,BVMBGD,6.845299269,-0.003753491,-0.025790574,2.291390262
09/10/2010,BVMBGD,6.838087669,-0.001053511,-0.0072116,2.288976256
09/13/2010,BVMBGD,6.841011561,0.000427589,0.002923892,2.289954998
09/14/2010,BVMBGD,6.881297193,0.005888841,0.040285632,2.30344018
09/15/2010,BVMBGD,6.927161572,0.006665078,0.045864379,2.318792787
09/16/2010,BVMBGD,6.945002426,0.002575493,0.017840854,2.324764821
09/17/2010,BVMBGD,6.963628832,0.002681987,0.018626406,2.33099981
09/20/2010,BVMBGD,6.945479332,-0.002606328,-0.0181495,2.32492446
09/21/2010,BVMBGD,6.928944553,-0.002380653,-0.016534779,2.319389621
09/22/2010,BVMBGD,6.966219839,0.005379649,0.037275287,2.331867122
09/23/2010,BVMBGD,6.985446354,0.002759964,0.019226515,2.338302991
09/24/2010,BVMBGD,7.009966075,0.003510115,0.024519721,2.346510703
09/27/2010,BVMBGD,7.043564552,0.004792959,0.033598477,2.357757432
09/28/2010,BVMBGD,7.037761584,-0.000823868,-0.005802968,2.355814951
09/29/2010,BVMBGD,7.063198582,0.003614359,0.025436998,2.364329712
09/30/2010,BVMBGD,7.067314984,0.000582796,0.004116402,2.365707633
01/03/2011,BVMBGD,6.940635726,-0.017924666,-0.126679257,6.696223566
01/04/2011,BVMBGD,6.976479431,0.005164326,0.035843705,6.730805047
01/05/2011,BVMBGD,6.973652034,-0.000405276,-0.002827396,6.728077216
01/07/2011,BVMBGD,6.979220324,0.000798475,0.005568289,6.73344942
01/10/2011,BVMBGD,6.954261861,-0.00357611,-0.024958463,6.709369861
01/11/2011,BVMBGD,6.965245213,0.00157937,0.010983352,6.719966438
01/12/2011,BVMBGD,6.976829268,0.001663122,0.011584055,6.731142565
01/13/2011,BVMBGD,6.989702861,0.001845192,0.012873593,6.743562818
01/14/2011,BVMBGD,7.009921331,0.002892608,0.02021847,6.763069301
01/17/2011,BVMBGD,7.027171347,0.0024608,0.017250016,6.779711864
01/18/2011,BVMBGD,7.035993166,0.001255387,0.008821819,6.788223026
01/19/2011,BVMBGD,7.066243642,0.00429939,0.030250476,6.817408241
01/20/2011,BVMBGD,7.044034849,-0.003142942,-0.022208793,6.795981524
01/21/2011,BVMBGD,7.041480285,-0.000362656,-0.002554564,6.793516917
01/24/2011,BVMBGD,7.053784016,0.001747322,0.012303731,6.805387377
01/25/2011,BVMBGD,7.051423676,-0.00033462,-0.00236034,6.803110155
01/26/2011,BVMBGD,7.061242111,0.001392405,0.009818435,6.812582837
01/27/2011,BVMBGD,7.077458871,0.002296588,0.016216761,6.82822853
01/28/2011,BVMBGD,7.085311136,0.001109475,0.007852265,6.83580428
01/31/2011,BVMBGD,7.085406066,1.33981E-05,9.49296E-05,6.835895866
02/01/2011,BVMBGD,7.09141884,0.000848614,0.006012774,6.841696903
02/02/2011,BVMBGD,7.128399898,0.005214903,0.036981058,6.877375686
02/03/2011,BVMBGD,7.123493792,-0.000688248,-0.004906106,6.872642346
02/04/2011,BVMBGD,7.071417667,-0.007310475,-0.052076125,6.822400065
02/07/2011,BVMBGD,7.078602687,0.001016065,0.007185019,6.829332066
02/08/2011,BVMBGD,7.064018929,-0.002060259,-0.014583757,6.815261871
02/09/2011,BVMBGD,7.045876,-0.002568358,-0.01814293,6.797757839
02/10/2011,BVMBGD,7.038859389,-0.000995846,-0.00701661,6.790988316
02/11/2011,BVMBGD,7.060208674,0.00303306,0.021349285,6.811585793
02/14/2011,BVMBGD,7.043289689,-0.002396386,-0.016918985,6.795262604
02/15/2011,BVMBGD,7.035751641,-0.001070245,-0.007538048,6.787990005
02/16/2011,BVMBGD,7.066168464,0.00432318,0.030416824,6.817335711
02/17/2011,BVMBGD,7.065626601,-7.66842E-05,-0.000541863,6.816812929
02/18/2011,BVMBGD,7.047717291,-0.002534709,-0.01790931,6.79953429
02/21/2011,BVMBGD,7.036575559,-0.0015809,-0.011141733,6.788784909
02/22/2011,BVMBGD,7.024282516,-0.001747021,-0.012293043,6.776924762
02/23/2011,BVMBGD,7.028775697,0.000639664,0.004493181,6.781259717
02/24/2011,BVMBGD,7.056085467,0.003885424,0.02730977,6.807607783
02/25/2011,BVMBGD,7.058467515,0.000337588,0.002382048,6.809905948
02/28/2011,BVMBGD,7.104454913,0.00651521,0.045987398,6.854273915
03/01/2011,BVMBGD,7.130676923,0.003690925,0.02622201,6.879572526
03/02/2011,BVMBGD,7.162251282,0.004427961,0.031574359,6.910035004
03/03/2011,BVMBGD,7.156071795,-0.000862786,-0.006179487,6.904073126
03/04/2011,BVMBGD,7.189046956,0.004607998,0.032975161,6.935887078
03/09/2011,BVMBGD,7.233500026,0.006183444,0.044453069,6.978774747
03/10/2011,BVMBGD,7.261602809,0.003885088,0.028102783,7.005887901
03/11/2011,BVMBGD,7.259372086,-0.000307194,-0.002230723,7.003735732
03/14/2011,BVMBGD,7.241648511,-0.002441475,-0.017723575,6.986636287
03/15/2011,BVMBGD,7.224283191,-0.002397979,-0.01736532,6.969882481
03/16/2011,BVMBGD,7.233425099,0.001265441,0.009141907,6.978702459
03/17/2011,BVMBGD,7.231414047,-0.000278022,-0.002011052,6.976762226
03/18/2011,BVMBGD,7.210226333,-0.002929954,-0.021187714,6.95632063
03/21/2011,BVMBGD,7.226531453,0.002261388,0.016305119,6.97205157
03/22/2011,BVMBGD,7.215755362,-0.001491184,-0.01077609,6.961654956
03/23/2011,BVMBGD,7.237763822,0.003050056,0.022008459,6.982888395
03/24/2011,BVMBGD,7.266848553,0.004018469,0.029084732,7.010948918
03/25/2011,BVMBGD,7.296192551,0.004038064,0.029343998,7.039259577
03/28/2011,BVMBGD,7.218500978,-0.010648235,-0.077691573,6.964303886
03/29/2011,BVMBGD,7.213795587,-0.000651852,-0.004705391,6.959764194
03/30/2011,BVMBGD,7.269873588,0.007773716,0.056078002,7.013867427
03/31/2011,BVMBGD,7.2333059,-0.005030031,-0.036567688,6.978587458
04/01/2011,BVMBGD,7.239221233,0.000817791,0.005915334,6.960789648
04/04/2011,BVMBGD,7.252656756,0.001855935,0.013435523,6.97370842
04/05/2011,BVMBGD,7.222473124,-0.004161735,-0.030183633,6.944685696
04/06/2011,BVMBGD,7.249529345,0.003746116,0.027056221,6.970701293
04/07/2011,BVMBGD,7.28644617,0.005092306,0.036916825,7.006198241
04/08/2011,BVMBGD,7.3016923,0.002092396,0.015246129,7.020857981
04/11/2011,BVMBGD,7.305704439,0.000549481,0.004012139,7.024715807
04/12/2011,BVMBGD,7.306805205,0.000150672,0.001100766,7.025774236
04/13/2011,BVMBGD,7.289264956,-0.002400536,-0.01754025,7.008908611
04/14/2011,BVMBGD,7.287963582,-0.000178533,-0.001301373,7.007657291
04/15/2011,BVMBGD,7.306023353,0.002478027,0.018059771,7.025022455
04/19/2011,BVMBGD,7.300334345,-0.000778674,-0.005689008,7.019552255
04/20/2011,BVMBGD,7.312442776,0.001658613,0.012108431,7.031194977
04/25/2011,BVMBGD,7.383632869,0.009735474,0.071190094,7.09964699
04/26/2011,BVMBGD,7.308764981,-0.010139709,-0.074867888,7.027658636
04/27/2011,BVMBGD,7.312998303,0.000579212,0.004233321,7.031729137
04/28/2011,BVMBGD,7.316485777,0.000476887,0.003487475,7.035082478
04/29/2011,BVMBGD,7.384692499,0.009322334,0.068206722,7.100665865
05/02/2011,BVMBGD,7.330389383,-0.00735347,-0.054303116,7.025483404
05/03/2011,BVMBGD,7.330291652,-1.33324E-05,-9.77316E-05,7.025389737
05/04/2011,BVMBGD,7.326552132,-0.000510146,-0.00373952,7.021805762
05/05/2011,BVMBGD,7.341294172,0.002012139,0.01474204,7.03593461
05/06/2011,BVMBGD,7.35821717,0.002305179,0.016922998,7.052153699
05/09/2011,BVMBGD,7.447189902,0.012091615,0.088972732,7.13742563
05/10/2011,BVMBGD,7.411331722,-0.004814995,-0.035858181,7.103058963
05/11/2011,BVMBGD,7.40808086,-0.000438634,-0.003250862,7.09994332
05/12/2011,BVMBGD,7.479970912,0.009704275,0.071890052,7.168843121
05/13/2011,BVMBGD,7.493159152,0.001763141,0.01318824,7.181482799
05/16/2011,BVMBGD,7.426572707,-0.008886298,-0.066586445,7.117666003
05/17/2011,BVMBGD,7.452985958,0.003556587,0.02641325,7.142980599
05/19/2011,BVMBGD,7.449297876,-0.000494846,-0.003688082,7.139445923
05/20/2011,BVMBGD,7.450460367,0.000156054,0.001162492,7.140560061
05/23/2011,BVMBGD,7.678868605,0.030656929,0.228408238,7.359467707
05/24/2011,BVMBGD,7.686323381,0.000970817,0.007454776,7.366612403
05/25/2011,BVMBGD,7.681258949,-0.000658889,-0.005064432,7.361758625
05/26/2011,BVMBGD,7.715030348,0.004396597,0.033771399,7.39412531
05/27/2011,BVMBGD,7.737887038,0.002962618,0.02285669,7.416031281
05/30/2011,BVMBGD,7.775354487,0.004842077,0.037467448,7.451940279
05/31/2011,BVMBGD,7.777898396,0.000327176,0.002543909,7.454378374
06/01/2011,BVMBGD,7.843150427,0.008389417,0.065252032,7.49035472
06/02/2011,BVMBGD,7.852114796,0.001142955,0.008964368,7.498915859
06/03/2011,BVMBGD,7.847648734,-0.000568772,-0.004466061,7.494650687
06/06/2011,BVMBGD,7.871516096,0.003041339,0.023867362,7.517444462
06/07/2011,BVMBGD,7.916314852,0.005691249,0.044798756,7.560228108
06/08/2011,BVMBGD,7.928739287,0.001569472,0.012424436,7.572093675
06/09/2011,BVMBGD,7.978843251,0.006319285,0.050103964,7.619943894
06/10/2011,BVMBGD,7.999221916,0.002554088,0.020378665,7.639405898
06/13/2011,BVMBGD,8.008315772,0.001136843,0.009093856,7.6480907
06/14/2011,BVMBGD,8.014648511,0.00079077,0.006332739,7.654138584
06/15/2011,BVMBGD,8.012314259,-0.000291248,-0.002334252,7.65190933
06/16/2011,BVMBGD,8.013821797,0.000188153,0.001507538,7.653349057
06/17/2011,BVMBGD,8.007440428,-0.000796295,-0.006381369,7.64725473
06/20/2011,BVMBGD,8.007543092,1.28211E-05,0.000102664,7.647352776
06/21/2011,BVMBGD,8.018063435,0.001313804,0.010520344,7.6573999
06/22/2011,BVMBGD,8.023196628,0.000640204,0.005133193,7.662302195
06/23/2011,BVMBGD,8.019322419,-0.000482876,-0.00387421,7.658602252
06/24/2011,BVMBGD,8.027070838,0.000966219,0.00774842,7.666002137
06/27/2011,BVMBGD,8.036180905,0.001134918,0.009110066,7.674702421
06/28/2011,BVMBGD,8.013173394,-0.002862991,-0.023007511,7.652729819
06/29/2011,BVMBGD,7.997817042,-0.001916388,-0.015356352,7.638064218
06/30/2011,BVMBGD,7.994277841,-0.000442521,-0.003539201,7.634684214
07/01/2011,BVMBGD,8.002825958,0.001069279,0.008548117,7.585617022
07/04/2011,BVMBGD,8.016491057,0.001707534,0.0136651,7.598569723
07/05/2011,BVMBGD,8.008969579,-0.000938251,-0.007521478,7.591440359
07/06/2011,BVMBGD,8.017117847,0.001017393,0.008148268,7.599163836
07/07/2011,BVMBGD,8.027935376,0.001349304,0.010817529,7.609417418
07/08/2011,BVMBGD,8.033290106,0.000667012,0.005354731,7.614492992
07/11/2011,BVMBGD,8.036921165,0.000452001,0.003631059,7.617934754
07/12/2011,BVMBGD,8.041924677,0.000622566,0.005003512,7.622677419
07/13/2011,BVMBGD,8.02477441,-0.002132607,-0.017150267,7.606421241
07/14/2011,BVMBGD,8.050618685,0.003220561,0.025844275,7.630918185
07/15/2011,BVMBGD,8.032085157,-0.002302125,-0.018533528,7.61335086
07/19/2011,BVMBGD,8.049111147,0.002119747,0.01702599,7.629489239
07/20/2011,BVMBGD,8.062997785,0.001725239,0.013886637,7.642651929
07/21/2011,BVMBGD,8.056837953,-0.000763963,-0.006159831,7.636813226
07/22/2011,BVMBGD,8.077948884,0.00262025,0.021110931,7.656823587
07/25/2011,BVMBGD,8.074928405,-0.000373917,-0.003020479,7.653960574
07/26/2011,BVMBGD,8.084097909,0.001135552,0.009169503,7.662652046
07/27/2011,BVMBGD,8.101194143,0.002114798,0.017096234,7.678857007
07/28/2011,BVMBGD,8.130610039,0.003631057,0.029415897,7.706739374
07/29/2011,BVMBGD,8.173291187,0.00524944,0.042681148,7.747195438
08/01/2011,BVMBGD,8.226103636,0.006461589,0.052812449,7.714624061
08/02/2011,BVMBGD,8.303463554,0.009404199,0.077359918,7.787173923
08/03/2011,BVMBGD,8.330572216,0.003264741,0.027108662,7.812597033
08/04/2011,BVMBGD,8.319657427,-0.001310209,-0.010914789,7.802360899
08/05/2011,BVMBGD,8.272496893,-0.005668567,-0.047160534,7.758132695
08/08/2011,BVMBGD,8.15416329,-0.01430446,-0.118333604,7.647156794
08/09/2011,BVMBGD,8.122342897,-0.003902349,-0.031820392,7.617314918
08/10/2011,BVMBGD,8.121775544,-6.98509E-05,-0.000567353,7.616782842
08/11/2011,BVMBGD,8.093245799,-0.003512747,-0.028529746,7.590027008
08/12/2011,BVMBGD,8.067752742,-0.003149918,-0.025493057,7.566119049
08/15/2011,BVMBGD,8.075025666,0.000901481,0.007272924,7.57293976
08/16/2011,BVMBGD,8.104960285,0.003707062,0.029934619,7.601013116
08/17/2011,BVMBGD,8.16725023,0.00768541,0.062289944,7.659430019
08/18/2011,BVMBGD,8.25694602,0.010982373,0.089695791,7.743548739
08/19/2011,BVMBGD,8.336678014,0.009656354,0.079731993,7.818323186
08/22/2011,BVMBGD,8.350543038,0.001663135,0.013865024,7.831326116
08/23/2011,BVMBGD,8.326071216,-0.002930566,-0.024471821,7.808375894
08/24/2011,BVMBGD,8.34118982,0.001815815,0.015118604,7.822554459
08/26/2011,BVMBGD,8.344837089,0.00043726,0.003647269,7.82597495
08/29/2011,BVMBGD,8.330318258,-0.001739858,-0.014518831,7.812358865
08/30/2011,BVMBGD,8.347830551,0.002102236,0.017512293,7.828782285
08/31/2011,BVMBGD,8.354865726,0.000842755,0.007035176,7.83538003
09/01/2011,BVMBGD,8.390998001,0.004324698,0.036132274,7.813574821
09/02/2011,BVMBGD,8.402550386,0.001376759,0.011552386,7.824332234
09/05/2011,BVMBGD,8.406354352,0.000452716,0.003803966,7.827874432
09/06/2011,BVMBGD,8.38290917,-0.002788983,-0.023445183,7.80604262
09/07/2011,BVMBGD,8.386156589,0.000387386,0.00324742,7.80906657
09/08/2011,BVMBGD,8.393294429,0.000851146,0.00713784,7.815713222
09/09/2011,BVMBGD,8.364580969,-0.003421,-0.02871346,7.788975668
09/12/2011,BVMBGD,8.36209002,-0.000297797,-0.002490949,7.786656132
09/13/2011,BVMBGD,8.316971957,-0.005395549,-0.045118063,7.74464285
09/14/2011,BVMBGD,8.324050359,0.000851079,0.007078403,7.751234155
09/15/2011,BVMBGD,8.329615821,0.0006686,0.005565462,7.756416632
09/16/2011,BVMBGD,8.328146107,-0.000176444,-0.001469714,7.755048056
09/19/2011,BVMBGD,8.279424002,-0.005850294,-0.048722105,7.709678743
09/20/2011,BVMBGD,8.310390663,0.003740195,0.030966661,7.738514445
09/21/2011,BVMBGD,8.287388556,-0.002767873,-0.023002107,7.717095219
09/22/2011,BVMBGD,8.182168909,-0.012696357,-0.105219647,7.61911622
09/23/2011,BVMBGD,8.148354677,-0.004132673,-0.033814232,7.587628901
09/26/2011,BVMBGD,8.105408764,-0.005270501,-0.042945912,7.547638294
09/27/2011,BVMBGD,8.107445831,0.000251322,0.002037067,7.549535181
09/28/2011,BVMBGD,8.055081861,-0.006458751,-0.05236397,7.500774617
09/29/2011,BVMBGD,8.029885989,-0.003127947,-0.025195872,7.477312589
09/30/2011,BVMBGD,7.940887232,-0.01108344,-0.088998757,7.394438246
10/03/2011,BVMBGD,7.863662398,-0.009724963,-0.077224834,7.322527608
10/04/2011,BVMBGD,7.72623872,-0.017475786,-0.137423678,7.194560686
10/05/2011,BVMBGD,7.727481493,0.000160851,0.001242773,7.195717938
10/06/2011,BVMBGD,7.774225969,0.006049122,0.046744475,7.239245711
10/07/2011,BVMBGD,7.859523424,0.010971826,0.085297455,7.318673455
10/11/2011,BVMBGD,7.856837953,-0.000341684,-0.00268547,7.316172784
10/12/2011,BVMBGD,8.107148646,0.031858961,0.250310693,7.549258447
10/13/2011,BVMBGD,8.169730372,0.007719326,0.062581726,7.607533637
10/14/2011,BVMBGD,8.208115848,0.0046985,0.038385476,7.643277631
10/17/2011,BVMBGD,8.225973956,0.002175665,0.017858108,7.65990684
10/18/2011,BVMBGD,8.212908629,-0.001588301,-0.013065327,7.647740599
10/19/2011,BVMBGD,8.254644189,0.005081703,0.04173556,7.686604143
10/20/2011,BVMBGD,8.242497433,-0.001471506,-0.012146755,7.675293261
10/21/2011,BVMBGD,8.261755012,0.002336377,0.019257578,7.693225637
10/24/2011,BVMBGD,8.337623602,0.009183108,0.07586859,7.763873361
10/25/2011,BVMBGD,8.376144162,0.004620089,0.03852056,7.799743143
10/26/2011,BVMBGD,8.402350462,0.003128683,0.0262063,7.824146068
10/27/2011,BVMBGD,8.46461339,0.00741018,0.062262928,7.882124397
10/28/2011,BVMBGD,8.4850489,0.002414229,0.020435511,7.901153646
10/31/2011,BVMBGD,8.479364565,-0.000669924,-0.005684336,7.895860476
11/01/2011,BVMBGD,8.434900308,-0.005243819,-0.044464257,7.821680553
11/03/2011,BVMBGD,8.496336521,0.007283573,0.061436213,7.878650335
11/04/2011,BVMBGD,8.567601448,0.008387724,0.071264927,7.944734281
11/07/2011,BVMBGD,8.585356892,0.002072394,0.017755444,7.961198898
11/08/2011,BVMBGD,8.636883341,0.006001667,0.051526449,8.00897936
11/09/2011,BVMBGD,8.667374507,0.003530344,0.030491166,8.037253808
11/10/2011,BVMBGD,8.660636516,-0.000777397,-0.006737991,8.031005671
11/11/2011,BVMBGD,8.663257146,0.000302591,0.00262063,8.033435781
11/14/2011,BVMBGD,8.658140163,-0.000590653,-0.005116983,8.028690804
11/15/2011,BVMBGD,8.619765494,-0.004432207,-0.038374669,7.993105985
11/16/2011,BVMBGD,8.609753066,-0.001161566,-0.010012428,7.983821464
11/17/2011,BVMBGD,8.583438699,-0.003056344,-0.026314368,7.959420158
11/18/2011,BVMBGD,8.616863889,0.003894149,0.03342519,7.990415328
11/21/2011,BVMBGD,8.586156589,-0.003563628,-0.0307073,7.961940458
11/22/2011,BVMBGD,8.563041012,-0.002692192,-0.023115578,7.940505389
11/23/2011,BVMBGD,8.546793105,-0.001897446,-0.016247906,7.92543871
11/24/2011,BVMBGD,8.543270114,-0.0004122,-0.003522991,7.922171842
11/25/2011,BVMBGD,8.534181661,-0.001063814,-0.009088453,7.913744122
11/28/2011,BVMBGD,8.556724483,0.002641474,0.022542822,7.934648074
11/29/2011,BVMBGD,8.541405955,-0.001790233,-0.015318528,7.920443207
11/30/2011,BVMBGD,8.559447777,0.002112278,0.018041822,7.937173383
12/01/2011,BVMBGD,8.598125034,0.004518663,0.038677257,7.917242204
12/02/2011,BVMBGD,8.647441509,0.005735724,0.049316475,7.962653323
12/05/2011,BVMBGD,8.711579402,0.007416979,0.064137894,8.021712157
12/06/2011,BVMBGD,8.740033501,0.003266239,0.028454098,8.047912984
12/07/2011,BVMBGD,8.731787972,-0.000943421,-0.008245529,8.040320416
12/08/2011,BVMBGD,8.732965905,0.000134902,0.001177933,8.041405069
12/09/2011,BVMBGD,8.746944399,0.001600658,0.013978495,8.054276611
12/12/2011,BVMBGD,8.716091209,-0.003527311,-0.030853191,8.025866675
12/13/2011,BVMBGD,8.716669368,6.63324E-05,0.00057816,8.02639905
12/14/2011,BVMBGD,8.73077214,0.001617908,0.014102772,8.039385028
12/15/2011,BVMBGD,8.745323391,0.001666663,0.014551251,8.05278397
12/16/2011,BVMBGD,8.80855352,0.007230165,0.063230129,8.111006925
12/19/2011,BVMBGD,8.831107149,0.002560424,0.022553628,8.131774538
12/20/2011,BVMBGD,8.83212298,0.000115029,0.001015832,8.132709927
12/21/2011,BVMBGD,8.824504242,-0.000862617,-0.007618739,8.125694513
12/22/2011,BVMBGD,8.832441779,0.000899488,0.007937537,8.13300348
12/23/2011,BVMBGD,8.842697358,0.001161126,0.010255579,8.142446922
12/26/2011,BVMBGD,8.858188793,0.00175189,0.015491436,8.156711596
12/27/2011,BVMBGD,8.856508348,-0.000189705,-0.001680445,8.155164225
12/28/2011,BVMBGD,8.850640298,-0.000662569,-0.00586805,8.149760864
12/29/2011,BVMBGD,8.851423786,8.85232E-05,0.000783487,8.150482307
01/02/2012,BVMBGD,8.869606095,0.002054168,0.018182309,8.107501001
01/03/2012,BVMBGD,8.870124818,5.84832E-05,0.000518723,8.107975153
01/04/2012,BVMBGD,8.882336413,0.001376711,0.012211596,8.119137489
01/05/2012,BVMBGD,8.885097531,0.000310855,0.002761117,8.121661363
01/09/2012,BVMBGD,8.878062355,-0.000791795,-0.007035176,8.115230672
01/10/2012,BVMBGD,8.865034852,-0.001467381,-0.013027503,8.103322534
01/11/2012,BVMBGD,8.839493165,-0.002881172,-0.025541687,8.079975471
01/12/2012,BVMBGD,8.783638623,-0.006318749,-0.055854542,8.028920131
01/13/2012,BVMBGD,8.799427244,0.001797503,0.015788621,8.043352142
01/16/2012,BVMBGD,8.745307181,-0.006150407,-0.054120063,7.99388225
01/17/2012,BVMBGD,8.785978278,0.00465062,0.040671097,8.031058755
01/18/2012,BVMBGD,8.782114875,-0.000439724,-0.003863403,8.027527308
01/19/2012,BVMBGD,8.794040093,0.001357898,0.011925217,8.038427873
01/20/2012,BVMBGD,8.810331226,0.00185252,0.016291133,8.053319219
01/23/2012,BVMBGD,8.806754201,-0.000406003,-0.003577025,8.050049544
01/24/2012,BVMBGD,8.80138326,-0.000609866,-0.005370941,8.045140092
01/25/2012,BVMBGD,8.801107689,-3.131E-05,-0.000275571,8.044888198
01/26/2012,BVMBGD,8.833273896,0.003654791,0.032166207,8.074290582
01/27/2012,BVMBGD,8.829637434,-0.000411678,-0.003636462,8.070966576
01/30/2012,BVMBGD,8.837191333,0.000855516,0.007553899,8.07787142
01/31/2012,BVMBGD,8.839109526,0.000217059,0.001918193,8.079624795
02/01/2012,BVMBGD,8.868174204,0.003288191,0.029064678,8.039320283
02/02/2012,BVMBGD,8.866196574,-0.000223003,-0.00197763,8.03752749
02/03/2012,BVMBGD,8.880510077,0.00161439,0.014313503,8.050503198
02/06/2012,BVMBGD,8.889393203,0.001000294,0.008883125,8.058556072
02/07/2012,BVMBGD,8.889409413,1.82353E-06,1.62101E-05,8.058570767
02/08/2012,BVMBGD,8.885718917,-0.000415156,-0.003690495,8.055225199
02/09/2012,BVMBGD,8.889982169,0.000479787,0.004263252,8.059089991
02/10/2012,BVMBGD,8.875798347,-0.001595484,-0.014183822,8.046231844
02/13/2012,BVMBGD,8.87130275,-0.0005065,-0.004495596,8.042156423
02/14/2012,BVMBGD,8.874506943,0.000361186,0.003204193,8.04506114
02/15/2012,BVMBGD,8.860198844,-0.00161227,-0.0143081,8.032090331
02/16/2012,BVMBGD,8.838407089,-0.002459511,-0.021791754,8.012335318
02/17/2012,BVMBGD,8.8281353,-0.001162177,-0.010271789,8.00302357
02/22/2012,BVMBGD,8.821943049,-0.000701422,-0.006192252,7.99741007
02/23/2012,BVMBGD,8.825984763,0.000458143,0.004041714,8.00107403
02/24/2012,BVMBGD,8.840125358,0.001602155,0.014140595,8.013892991
02/27/2012,BVMBGD,8.851326525,0.001267082,0.011201167,8.024047253
02/28/2012,BVMBGD,8.886680715,0.003994225,0.03535419,8.056097104
02/29/2012,BVMBGD,8.890311774,0.000408596,0.003631059,8.05938879
03/01/2012,BVMBGD,8.914064948,0.002671804,0.023753174,8.001853634
03/02/2012,BVMBGD,8.942448803,0.003184165,0.028383855,8.027332857
03/05/2012,BVMBGD,8.956551575,0.001577059,0.014102772,8.039992437
03/06/2012,BVMBGD,8.972145675,0.001741083,0.0155941,8.053990731
03/07/2012,BVMBGD,8.955200735,-0.001888616,-0.01694494,8.038779834
03/08/2012,BVMBGD,8.968628087,0.001499391,0.013427352,8.050833112
03/09/2012,BVMBGD,8.974069271,0.000606691,0.005441184,8.055717479
03/12/2012,BVMBGD,8.982125682,0.000897743,0.008056411,8.062949445
03/13/2012,BVMBGD,8.989312152,0.000800086,0.00718647,8.069400496
03/14/2012,BVMBGD,9.049148971,0.00665644,0.059836819,8.123113977
03/15/2012,BVMBGD,9.022164586,-0.00298198,-0.026984384,8.098891011
03/16/2012,BVMBGD,9.022818393,7.24667E-05,0.000653807,8.099477911
03/19/2012,BVMBGD,9.017182688,-0.000624606,-0.005635705,8.09441893
03/20/2012,BVMBGD,9.010520344,-0.00073885,-0.006662344,8.08843837
03/21/2012,BVMBGD,9.03602961,0.002831054,0.025509267,8.111337173
03/22/2012,BVMBGD,9.019063057,-0.001877656,-0.016966553,8.096106874
03/23/2012,BVMBGD,9.017047604,-0.000223466,-0.002015454,8.094297669
03/26/2012,BVMBGD,8.514591002,-0.055722962,-0.502456602,7.643259427
03/27/2012,BVMBGD,8.518950333,0.000511984,0.004359331,7.647172651
03/28/2012,BVMBGD,8.52265233,0.00043456,0.003701997,7.650495808
03/29/2012,BVMBGD,8.521659246,-0.000116523,-0.000993084,7.64960435
03/30/2012,BVMBGD,8.501868205,-0.00232244,-0.019791041,7.631838604
04/02/2012,BVMBGD,8.525455476,0.002774363,0.023587271,7.653012097
04/03/2012,BVMBGD,8.548664034,0.002722266,0.023208558,7.673845632
04/04/2012,BVMBGD,8.554409651,0.000672107,0.005745617,7.679003277
04/09/2012,BVMBGD,8.599076307,0.005221477,0.044666656,7.719099019
04/10/2012,BVMBGD,8.6099656,0.001266333,0.010889293,7.728873968
04/11/2012,BVMBGD,8.592824561,-0.001990837,-0.01714104,7.713487038
04/12/2012,BVMBGD,8.633261494,0.004705895,0.040436934,7.749785901
04/13/2012,BVMBGD,8.622808188,-0.001210818,-0.010453307,7.740402323
04/16/2012,BVMBGD,8.596444285,-0.003057461,-0.026363902,7.716736342
04/17/2012,BVMBGD,8.581530612,-0.001734865,-0.014913673,7.703348844
04/18/2012,BVMBGD,8.541431252,-0.004672751,-0.04009936,7.667353009
04/19/2012,BVMBGD,8.455960082,-0.010006657,-0.08547117,7.59062844
04/20/2012,BVMBGD,8.439947846,-0.001893604,-0.016012236,7.576254799
04/24/2012,BVMBGD,8.456297413,0.001937164,0.016349567,7.59093125
04/25/2012,BVMBGD,8.474869215,0.00219621,0.018571803,7.607602527
04/26/2012,BVMBGD,8.477093088,0.000262408,0.002223872,7.609598822
04/27/2012,BVMBGD,8.492057816,0.001765314,0.014964729,7.623032151
04/30/2012,BVMBGD,8.497618207,0.000654775,0.00556039,7.628023525
05/02/2012,BVMBGD,8.511817309,0.001670951,0.014199103,7.640769577
05/03/2012,BVMBGD,8.498471824,-0.001567877,-0.013345485,7.628789788
05/04/2012,BVMBGD,8.568671188,0.008260234,0.070199364,7.691805375
05/07/2012,BVMBGD,8.571226463,0.000298211,0.002555274,7.694099159
05/08/2012,BVMBGD,8.619347037,0.005614199,0.048120575,7.737295366
05/09/2012,BVMBGD,8.609904475,-0.001095508,-0.009442563,7.728819097
05/10/2012,BVMBGD,8.592331933,-0.002040968,-0.017572542,7.713044823
05/11/2012,BVMBGD,8.599006074,0.000776756,0.006674141,7.719035973
05/14/2012,BVMBGD,8.605455732,0.000750047,0.006449658,7.724825612
05/15/2012,BVMBGD,8.525752659,-0.009261924,-0.079703073,7.653278868
05/16/2012,BVMBGD,8.474497581,-0.006011795,-0.051255077,7.607268924
05/17/2012,BVMBGD,8.406927681,-0.007973322,-0.067569901,7.546613717
05/18/2012,BVMBGD,8.349315546,-0.006852936,-0.057612135,7.494897258
05/22/2012,BVMBGD,8.300922024,-0.005796106,-0.048393521,7.451456036
05/23/2012,BVMBGD,8.141571259,-0.019196755,-0.159350765,7.308412262
05/24/2012,BVMBGD,7.984146224,-0.019335953,-0.157425036,7.167097149
05/25/2012,BVMBGD,8.009958748,0.003232972,0.025812524,7.190268176
05/28/2012,BVMBGD,8.110737926,0.012581735,0.100779178,7.280734224
05/29/2012,BVMBGD,8.145316493,0.004263307,0.034578567,7.311774231
05/30/2012,BVMBGD,8.069035335,-0.009365033,-0.076281158,7.243299224
05/31/2012,BVMBGD,7.850479582,-0.027085735,-0.218555753,7.04710914
06/01/2012,BVMBGD,8.154169957,0.038684309,0.303690374,7.319721685
06/04/2012,BVMBGD,8.167306553,0.001611028,0.013136597,7.331513962
06/05/2012,BVMBGD,8.234055468,0.008172696,0.066748914,7.391432197
06/06/2012,BVMBGD,7.856636385,-0.045836354,-0.377419083,7.052635893
06/07/2012,BVMBGD,7.868008386,0.001447439,0.011372001,7.062844152
06/08/2012,BVMBGD,7.86115071,-0.00087159,-0.006857675,7.05668825
06/11/2012,BVMBGD,7.818120929,-0.005473725,-0.043029781,7.018061876
06/12/2012,BVMBGD,7.872160968,0.006912152,0.054040038,7.066571784
06/13/2012,BVMBGD,7.944019539,0.009128189,0.071858572,7.131076786
06/14/2012,BVMBGD,7.932909979,-0.001398481,-0.01110956,7.12110411
06/15/2012,BVMBGD,7.962214468,0.00369404,0.029304489,7.147409756
06/18/2012,BVMBGD,7.977441265,0.001912382,0.015226797,7.161078335
06/20/2012,BVMBGD,7.919453042,-0.007269025,-0.057988223,7.109024275
06/21/2012,BVMBGD,7.911964706,-0.000945562,-0.007488336,7.10230225
06/22/2012,BVMBGD,7.915872869,0.000493956,0.003908163,7.105810475
06/25/2012,BVMBGD,7.927250889,0.001437368,0.01137802,7.116024138
06/26/2012,BVMBGD,7.951060193,0.003003476,0.023809304,7.137396942
06/27/2012,BVMBGD,7.954718899,0.000460153,0.003658706,7.140681238
06/28/2012,BVMBGD,7.991010302,0.004562248,0.036291403,7.173258799
06/29/2012,BVMBGD,7.998771192,0.000971203,0.007760891,7.180225487
07/02/2012,BVMBGD,8.041890331,0.00539072,0.043119139,7.218932075
07/03/2012,BVMBGD,8.062188756,0.002524086,0.020298425,7.237153282
07/04/2012,BVMBGD,7.990217789,-0.008926976,-0.071970967,7.172547387
07/05/2012,BVMBGD,7.981096589,-0.001141546,-0.0091212,7.164359595
07/06/2012,BVMBGD,7.961016101,-0.002516006,-0.020080488,7.146334023
07/09/2012,BVMBGD,7.948359467,-0.001589826,-0.012656634,7.134972592
07/10/2012,BVMBGD,7.989594613,0.005187881,0.041235146,7.171987983
07/11/2012,BVMBGD,7.992281405,0.000336286,0.002686792,7.174399825
07/12/2012,BVMBGD,8.066717081,0.009313445,0.074435676,7.241218206
07/13/2012,BVMBGD,8.107188851,0.00501713,0.04047177,7.27754834
07/16/2012,BVMBGD,8.146177905,0.004809195,0.038989053,7.312547491
07/17/2012,BVMBGD,8.16598289,0.0024312,0.019804986,7.330325754
07/19/2012,BVMBGD,8.195233494,0.003582007,0.029250604,7.356583029
07/20/2012,BVMBGD,8.193070765,-0.000263901,-0.00216273,7.35464162
07/23/2012,BVMBGD,8.197957118,0.000596401,0.004886353,7.359027933
07/24/2012,BVMBGD,8.178701574,-0.002348822,-0.019255544,7.341742885
07/25/2012,BVMBGD,8.091772959,-0.010628657,-0.086928614,7.263710017
07/26/2012,BVMBGD,8.125191327,0.004129919,0.033418367,7.293708552
07/27/2012,BVMBGD,8.167164723,0.005165835,0.041973397,7.331386645
07/30/2012,BVMBGD,8.17349672,0.000775299,0.006331997,7.337070664
07/31/2012,BVMBGD,8.30995809,0.016695592,0.13646137,7.459567406
08/01/2012,BVMBGD,8.408286261,0.011832571,0.098328171,7.547833268
08/02/2012,BVMBGD,8.440975765,0.003887773,0.032689504,7.577177527
08/03/2012,BVMBGD,8.79938904,0.042461119,0.358413275,7.898912963
08/06/2012,BVMBGD,9.069050129,0.030645433,0.269661089,8.140978572
08/07/2012,BVMBGD,9.050759469,-0.002016822,-0.01829066,8.124559667
08/08/2012,BVMBGD,8.932542927,-0.013061505,-0.118216542,8.018440689
08/09/2012,BVMBGD,8.788374994,-0.016139629,-0.144167933,7.889026027
08/10/2012,BVMBGD,8.780099645,-0.000941624,-0.008275349,7.881597527
08/13/2012,BVMBGD,8.785546613,0.000620377,0.005446968,7.886487085
08/14/2012,BVMBGD,8.772204657,-0.001518626,-0.013341957,7.874510464
08/15/2012,BVMBGD,8.666518157,-0.012047884,-0.1056865,7.779639279
08/16/2012,BVMBGD,8.653401361,-0.001513502,-0.013116796,7.767864776
08/17/2012,BVMBGD,8.669713519,0.001885057,0.016312159,7.782507647
08/20/2012,BVMBGD,8.654378653,-0.001768786,-0.015334866,7.768742058
08/21/2012,BVMBGD,8.637050877,-0.002002198,-0.017327776,7.753187502
08/22/2012,BVMBGD,8.681699722,0.005169455,0.044648845,7.793267255
08/23/2012,BVMBGD,8.714807895,0.003813559,0.033108173,7.822987338
08/24/2012,BVMBGD,8.723143624,0.000956502,0.008335729,7.830470039
08/27/2012,BVMBGD,8.73197758,0.001012703,0.008833956,7.838399982
08/28/2012,BVMBGD,8.739062949,0.000811428,0.007085369,7.844760277
08/29/2012,BVMBGD,8.727335441,-0.001341964,-0.011727508,7.834232892
08/30/2012,BVMBGD,8.73235125,0.000574724,0.005015809,7.838735413
08/31/2012,BVMBGD,8.747820255,0.001771459,0.015469005,7.852621414
09/03/2012,BVMBGD,8.521038379,-0.025924387,-0.226781876,7.649047019
09/04/2012,BVMBGD,8.589841955,0.008074553,0.068803576,7.710809654
09/05/2012,BVMBGD,8.647010271,0.00665534,0.057168316,7.762127711
09/06/2012,BVMBGD,8.661904985,0.001722528,0.014894715,7.775498191
09/07/2012,BVMBGD,8.638594605,-0.002691138,-0.023310381,7.754573254
09/10/2012,BVMBGD,8.713672847,0.008691025,0.075078242,7.821968444
09/11/2012,BVMBGD,8.688271085,-0.002915161,-0.025401762,7.799166144
09/12/2012,BVMBGD,8.683853116,-0.000508498,-0.004417969,7.795200284
09/13/2012,BVMBGD,8.667894687,-0.001837713,-0.015958429,7.780874944
09/14/2012,BVMBGD,8.653482025,-0.001662764,-0.014412662,7.767937186
09/17/2012,BVMBGD,8.685196687,0.00366496,0.031714662,7.796406362
09/18/2012,BVMBGD,8.719749514,0.003978359,0.034552826,7.827423262
09/19/2012,BVMBGD,8.692449887,-0.003130781,-0.027299627,7.802917313
09/20/2012,BVMBGD,8.68368003,-0.001008905,-0.008769856,7.79504491
09/21/2012,BVMBGD,8.688204425,0.000521023,0.004524395,7.799106306
09/24/2012,BVMBGD,8.687868759,-3.86346E-05,-0.000335666,7.798804991
09/25/2012,BVMBGD,8.730398561,0.004895309,0.042529802,7.83698255
09/26/2012,BVMBGD,8.714903687,-0.001774819,-0.015494874,7.823073328
09/27/2012,BVMBGD,8.712042503,-0.000328309,-0.002861184,7.82050494
09/28/2012,BVMBGD,8.76308693,0.005859065,0.051044427,7.86632579
10/01/2012,BVMBGD,8.766638181,0.000405251,0.003551251,7.869513627
10/02/2012,BVMBGD,8.948621457,0.020758616,0.181983276,8.032873839
10/03/2012,BVMBGD,9.035356046,0.009692508,0.086734589,8.110732537
10/04/2012,BVMBGD,9.06782456,0.003593496,0.032468513,8.13987842
10/05/2012,BVMBGD,9.082965207,0.001669711,0.015140648,8.153469665
10/08/2012,BVMBGD,9.069878812,-0.001440762,-0.013086396,8.141722452
10/09/2012,BVMBGD,9.07504398,0.000569486,0.005165168,8.146359048
10/10/2012,BVMBGD,9.120347928,0.004992146,0.045303948,8.187026865
10/11/2012,BVMBGD,9.110203284,-0.001112309,-0.010144644,8.177920362
10/12/2012,BVMBGD,9.126011532,0.001735225,0.015808249,8.192110891
10/16/2012,BVMBGD,9.348501798,0.024379792,0.222490265,8.391832853
10/17/2012,BVMBGD,9.378273497,0.003184649,0.029771699,8.418557896
10/18/2012,BVMBGD,9.360022032,-0.001946143,-0.018251465,8.402174176
10/19/2012,BVMBGD,9.355710781,-0.000460603,-0.004311251,8.398304112
10/22/2012,BVMBGD,9.431916503,0.00814537,0.076205722,8.466711403
10/23/2012,BVMBGD,9.43327787,0.000144336,0.001361367,8.467933456
10/24/2012,BVMBGD,9.429970252,-0.000350633,-0.003307619,8.464964319
10/25/2012,BVMBGD,9.373745777,-0.005962317,-0.056224474,8.414493516
10/26/2012,BVMBGD,9.351780475,-0.002343279,-0.021965302,8.39477601
10/29/2012,BVMBGD,9.284418265,-0.007203143,-0.06736221,8.33430724
10/30/2012,BVMBGD,9.237330657,-0.005071681,-0.047087608,8.292038292
10/31/2012,BVMBGD,9.255505347,0.001967526,0.01817469,8.308353094
11/01/2012,BVMBGD,9.248400864,-0.000767595,-0.007104484,8.301975641
11/05/2012,BVMBGD,9.319278563,0.007663779,0.0708777,8.365600146
11/06/2012,BVMBGD,9.340006037,0.00222415,0.020727474,8.384206497
11/07/2012,BVMBGD,9.349982392,0.001068131,0.009976355,8.393161932
11/08/2012,BVMBGD,9.36113124,0.001192392,0.011148848,8.403169874
11/09/2012,BVMBGD,9.364490125,0.000358812,0.003358885,8.406185031
11/12/2012,BVMBGD,9.338496709,-0.002775743,-0.025993416,8.382851624
11/13/2012,BVMBGD,9.361809045,0.002496369,0.023312336,8.403778317
11/14/2012,BVMBGD,9.339125858,-0.002422949,-0.022683187,8.38341639
11/15/2012,BVMBGD,9.25823267,-0.008661752,-0.080893188,8.31080132
11/16/2012,BVMBGD,9.350309964,0.00994545,0.092077294,8.393455982
11/19/2012,BVMBGD,9.320833965,-0.003152409,-0.029475999,8.366996378
11/20/2012,BVMBGD,9.324306293,0.000372534,0.003472328,8.370113369
11/21/2012,BVMBGD,9.332443771,0.000872717,0.008137478,8.377418106
11/22/2012,BVMBGD,9.359474349,0.002896409,0.027030579,8.40168254
11/23/2012,BVMBGD,9.372858226,0.001429982,0.013383877,8.413696792
11/26/2012,BVMBGD,9.405219864,0.003452697,0.032361638,8.442746736
11/27/2012,BVMBGD,9.405981907,8.10234E-05,0.000762043,8.443430796
11/28/2012,BVMBGD,9.447494033,0.004413375,0.041512127,8.480694824
11/29/2012,BVMBGD,9.431372748,-0.001706409,-0.016121285,8.466223293
11/30/2012,BVMBGD,9.446638549,0.001618619,0.015265801,8.479926884
12/03/2012,BVMBGD,9.452939682,0.000667024,0.006301133,8.485583197
